Epsilon;m;M;DiffEvol;HypValue;Difference
0;0.01;0.02;1.0000000;1.0000000;-3.82098919171625e-9
0;0.01;0.03;2.0000001;2.0000000;9.10764810235776e-8
0;0.01;0.04;2.9999999;3.0000000;-1.43708139166421e-7
0;0.01;0.05;3.9999999;4.0000000;-1.32062036861669e-7
0;0.01;0.06;4.9999995;5.0000000;-5.46274399937374e-7
0;0.01;0.07;5.9999998;6.0000000;-2.28860462136993e-7
0;0.01;0.08;6.9999999;7.0000000;-1.29194354769879e-7
0;0.01;0.09;7.9999997;8.0000000;-3.14830708170177e-7
0;0.01;0.1;8.9999981;9.0000000;-1.85789341955456e-6
0;0.01;0.11;9.9999998;10.000000;-2.06114821210690e-7
0;0.01;0.12;10.999999;11.000000;-9.49801590266475e-7
0;0.01;0.13;11.999999;12.000000;-1.21977022971009e-6
0;0.01;0.14;12.999998;13.000000;-1.59026226143055e-6
0;0.01;0.15;13.999998;14.000000;-1.77844571780383e-6
0;0.01;0.16;15.000000;15.000000;-4.87348961186740e-7
0;0.01;0.17;16.000000;16.000000;-1.69091132207200e-7
0;0.01;0.18;16.999998;17.000000;-2.33314188236022e-6
0;0.01;0.19;17.999999;18.000000;-5.77593731065917e-7
0;0.01;0.2;19.000000;19.000000;-1.81789790332232e-7
0;0.01;0.21;20.000000;20.000000;-4.39908149019175e-7
0;0.01;0.22;20.999998;21.000000;-2.06206710728907e-6
0;0.01;0.23;21.999998;22.000000;-1.58898856739143e-6
0;0.01;0.24;22.999997;23.000000;-3.15456316357654e-6
0;0.01;0.25;23.999998;24.000000;-1.85970214516828e-6
0;0.01;0.26;24.999996;25.000000;-4.06432909727528e-6
0;0.01;0.27;25.999997;26.000000;-2.86580176478424e-6
0;0.01;0.28;26.999996;27.000000;-4.00290512914125e-6
0;0.01;0.29;27.999997;28.000000;-3.40413783561644e-6
0;0.01;0.3;28.999996;29.000000;-3.68597747524291e-6
0;0.01;0.31;29.999996;30.000000;-3.89409343171110e-6
0;0.01;0.32;30.999996;31.000000;-3.70697677709586e-6
0;0.01;0.33;31.999997;32.000000;-3.19800123094183e-6
0;0.01;0.34;32.999998;33.000000;-1.59271143473916e-6
0;0.01;0.35;33.999998;34.000000;-2.04366737222017e-6
0;0.01;0.36;34.999993;35.000000;-6.87115210951106e-6
0;0.01;0.37;35.999990;36.000000;-9.63569170409073e-6
0;0.01;0.38;36.999996;37.000000;-4.36831380312697e-6
0;0.01;0.39;37.999994;38.000000;-5.80114971882040e-6
0;0.01;0.4;38.999996;39.000000;-3.67288584612879e-6
0;0.01;0.41;39.999997;40.000000;-3.19740423293524e-6
0;0.01;0.42;40.999994;41.000000;-5.79256282406959e-6
0;0.01;0.43;41.999997;42.000000;-3.32345208420293e-6
0;0.01;0.44;42.999997;43.000000;-2.57323453922709e-6
0;0.01;0.45;43.999995;44.000000;-4.97328042570189e-6
0;0.01;0.46;44.999994;45.000000;-6.27862483071340e-6
0;0.01;0.47;45.999997;46.000000;-3.00095037886194e-6
0;0.01;0.48;46.999993;47.000000;-6.68829252958858e-6
0;0.01;0.49;47.999999;48.000000;-1.47456049148786e-6
0;0.01;0.5;48.999996;49.000000;-3.48849935960516e-6
0;0.01;0.51;49.999995;50.000000;-4.57022865418821e-6
0;0.01;0.52;50.999993;51.000000;-6.87545190913852e-6
0;0.01;0.53;51.999990;52.000000;-9.70786975074134e-6
0;0.01;0.54;52.999995;53.000000;-5.50979233082671e-6
0;0.01;0.55;53.999990;54.000000;-9.57130719569932e-6
0;0.01;0.56;54.999998;55.000000;-1.91351374212445e-6
0;0.01;0.57;55.999998;56.000000;-1.69124759707984e-6
0;0.01;0.58;56.999989;57.000000;-0.0000106219407243202
0;0.01;0.59;57.999994;58.000000;-5.83366174566891e-6
0;0.01;0.6;58.999997;59.000000;-3.12876528596462e-6
0;0.01;0.61;59.999992;60.000000;-7.57637170067937e-6
0;0.01;0.62;60.999988;61.000000;-0.0000115983198725189
0;0.01;0.63;61.999995;62.000000;-5.33886974807274e-6
0;0.01;0.64;62.999991;63.000000;-9.28248405074328e-6
0;0.01;0.65;63.999987;64.000000;-0.0000127373504099637
0;0.01;0.66;64.999992;65.000000;-7.70847839248745e-6
0;0.01;0.67;65.999995;66.000000;-5.54031937838317e-6
0;0.01;0.68;66.999997;67.000000;-3.02465204526925e-6
0;0.01;0.69;67.999992;68.000000;-8.27662198332746e-6
0;0.01;0.7;68.999993;69.000000;-7.40191143222546e-6
0;0.01;0.71;69.999988;70.000000;-0.0000122857066600091
0;0.01;0.72;70.999993;71.000000;-7.12392808566165e-6
0;0.01;0.73;71.999989;72.000000;-0.0000114366992391979
0;0.01;0.74;72.999994;73.000000;-5.75673270475363e-6
0;0.01;0.75;73.999997;74.000000;-3.15750341428611e-6
0;0.01;0.76;74.999992;75.000000;-8.50313966793692e-6
0;0.01;0.77;75.999988;76.000000;-0.0000115715466648680
0;0.01;0.78;76.999988;77.000000;-0.0000116883144869462
0;0.01;0.79;77.999993;78.000000;-6.67162642287167e-6
0;0.01;0.8;78.999983;79.000000;-0.0000173714244766643
0;0.01;0.81;79.999986;80.000000;-0.0000138841401309264
0;0.01;0.82;80.999992;81.000000;-7.54054278218064e-6
0;0.01;0.83;81.999990;82.000000;-0.0000103188124569442
0;0.01;0.84;82.999988;83.000000;-0.0000118456027564662
0;0.01;0.85;83.999991;84.000000;-8.75866410865456e-6
0;0.01;0.86;84.999992;85.000000;-7.94324449771011e-6
0;0.01;0.87;85.999990;86.000000;-9.80109794568307e-6
0;0.01;0.88;86.999996;87.000000;-4.11093409979912e-6
0;0.01;0.89;87.999979;88.000000;-0.0000211028023500148
0;0.01;0.9;88.999991;89.000000;-9.43482257298456e-6
0;0.01;0.91;89.999984;90.000000;-0.0000164482555078393
0;0.01;0.92;90.999983;91.000000;-0.0000171179013932488
0;0.01;0.93;91.999985;92.000000;-0.0000147715061586950
0;0.01;0.94;92.999996;93.000000;-4.32113768056297e-6
0;0.01;0.95;93.999987;94.000000;-0.0000133204901402451
0;0.01;0.96;94.999995;95.000000;-5.13971042437333e-6
0;0.01;0.97;95.999990;96.000000;-0.0000100348223810443
0;0.01;0.98;96.999987;97.000000;-0.0000133550277894301
0;0.01;0.99;97.999995;98.000000;-5.19079247851550e-6
0;0.02;0.03;0.50000009;0.50000000;9.23073455449952e-8
0;0.02;0.04;0.99999991;1.0000000;-8.78198600506863e-8
0;0.02;0.05;1.5000000;1.5000000;3.67283461422119e-8
0;0.02;0.06;1.9999998;2.0000000;-2.22823851814269e-7
0;0.02;0.07;2.4999999;2.5000000;-7.49450297377052e-8
0;0.02;0.08;2.9999998;3.0000000;-2.23362827789231e-7
0;0.02;0.09;3.5000001;3.5000000;6.18412676622881e-8
0;0.02;0.1;3.9999999;4.0000000;-5.39260032184075e-8
0;0.02;0.11;4.4999996;4.5000000;-4.14048015429103e-7
0;0.02;0.12;4.9999996;5.0000000;-3.88298175835189e-7
0;0.02;0.13;5.5000001;5.5000000;7.85140983339261e-8
0;0.02;0.14;5.9999995;6.0000000;-5.18505736124553e-7
0;0.02;0.15;6.4999999;6.5000000;-1.21220466553495e-7
0;0.02;0.16;6.9999988;7.0000000;-1.23967153253801e-6
0;0.02;0.17;7.4999998;7.5000000;-2.13703883034100e-7
0;0.02;0.18;8.0000000;8.0000000;-7.48993045363022e-9
0;0.02;0.19;8.4999998;8.5000000;-1.92847089408588e-7
0;0.02;0.2;8.9999992;9.0000000;-8.07900477184376e-7
0;0.02;0.21;9.5000000;9.5000000;2.28175487393401e-8
0;0.02;0.22;9.9999994;10.000000;-5.98707245558217e-7
0;0.02;0.23;10.499999;10.500000;-6.10543864354440e-7
0;0.02;0.24;10.999999;11.000000;-8.50543052877129e-7
0;0.02;0.25;11.499999;11.500000;-6.24975807994588e-7
0;0.02;0.26;11.999999;12.000000;-8.28901653093794e-7
0;0.02;0.27;12.499999;12.500000;-6.23554530676529e-7
0;0.02;0.28;13.000000;13.000000;-1.35593539951628e-7
0;0.02;0.29;13.499999;13.500000;-5.49787976922289e-7
0;0.02;0.3;13.999999;14.000000;-1.34362835879642e-6
0;0.02;0.31;14.499998;14.500000;-2.00047440657158e-6
0;0.02;0.32;14.999999;15.000000;-1.40400033288302e-6
0;0.02;0.33;15.499999;15.500000;-9.86253219537048e-7
0;0.02;0.34;15.999998;16.000000;-1.59490423889963e-6
0;0.02;0.35;16.499999;16.500000;-9.94083364957987e-7
0;0.02;0.36;16.999998;17.000000;-2.40802814843732e-6
0;0.02;0.37;17.499999;17.500000;-1.02901194765082e-6
0;0.02;0.38;17.999998;18.000000;-2.20106567283551e-6
0;0.02;0.39;18.499998;18.500000;-1.70657826004117e-6
0;0.02;0.4;18.999999;19.000000;-1.27704286256858e-6
0;0.02;0.41;19.499999;19.500000;-1.38273033556402e-6
0;0.02;0.42;20.000000;20.000000;-2.92542651436634e-7
0;0.02;0.43;20.499998;20.500000;-2.20466959532928e-6
0;0.02;0.44;20.999996;21.000000;-3.62508232853997e-6
0;0.02;0.45;21.499997;21.500000;-3.01321454188042e-6
0;0.02;0.46;21.999998;22.000000;-1.57488752350332e-6
0;0.02;0.47;22.500000;22.500000;-4.81000252960939e-7
0;0.02;0.48;22.999998;23.000000;-1.60888803080184e-6
0;0.02;0.49;23.499999;23.500000;-1.19349609306596e-6
0;0.02;0.5;24.000000;24.000000;-2.60597314394317e-7
0;0.02;0.51;24.499997;24.500000;-3.46012513219307e-6
0;0.02;0.52;24.999994;25.000000;-6.08716363359463e-6
0;0.02;0.53;25.500000;25.500000;-3.22989325951539e-7
0;0.02;0.54;25.999998;26.000000;-2.29480725266740e-6
0;0.02;0.55;26.499999;26.500000;-6.36307188273122e-7
0;0.02;0.56;26.999997;27.000000;-3.30216086652513e-6
0;0.02;0.57;27.500000;27.500000;-3.49064627869211e-7
0;0.02;0.58;28.000000;28.000000;-4.71200586105169e-7
0;0.02;0.59;28.499999;28.500000;-6.04198366005448e-7
0;0.02;0.6;28.999999;29.000000;-1.27896667834193e-6
0;0.02;0.61;29.499997;29.500000;-3.11716987511090e-6
0;0.02;0.62;29.999999;30.000000;-1.41048176871550e-6
0;0.02;0.63;30.499997;30.500000;-2.68794544311390e-6
0;0.02;0.64;30.999996;31.000000;-3.64355826931728e-6
0;0.02;0.65;31.499999;31.500000;-5.10908783724062e-7
0;0.02;0.66;31.999997;32.000000;-2.87609722704474e-6
0;0.02;0.67;32.500000;32.500000;-4.98820853067627e-7
0;0.02;0.68;32.999997;33.000000;-3.39461155363097e-6
0;0.02;0.69;33.499999;33.500000;-1.16831436258735e-6
0;0.02;0.7;33.999999;34.000000;-1.14580557664112e-6
0;0.02;0.71;34.499997;34.500000;-2.90683521342316e-6
0;0.02;0.72;34.999996;35.000000;-4.13494036166639e-6
0;0.02;0.73;35.499997;35.500000;-3.33776234384686e-6
0;0.02;0.74;35.999995;36.000000;-4.79401848707539e-6
0;0.02;0.75;36.499994;36.500000;-5.65445142086674e-6
0;0.02;0.76;36.999995;37.000000;-5.14430037412694e-6
0;0.02;0.77;37.499999;37.500000;-1.05509147374505e-6
0;0.02;0.78;37.999997;38.000000;-2.96148007095098e-6
0;0.02;0.79;38.499993;38.500000;-7.33924369455963e-6
0;0.02;0.8;38.999996;39.000000;-4.37750478710086e-6
0;0.02;0.81;39.499997;39.500000;-2.92107148425202e-6
0;0.02;0.82;39.999996;40.000000;-3.51834061262934e-6
0;0.02;0.83;40.499993;40.500000;-7.26416303820088e-6
0;0.02;0.84;40.999995;41.000000;-4.74535491434835e-6
0;0.02;0.85;41.499998;41.500000;-2.13088596723310e-6
0;0.02;0.86;41.999995;42.000000;-4.93487033281781e-6
0;0.02;0.87;42.499998;42.500000;-2.07283819264603e-6
0;0.02;0.88;42.999999;43.000000;-9.12467214675416e-7
0;0.02;0.89;43.499991;43.500000;-8.60683231707071e-6
0;0.02;0.9;43.999999;44.000000;-1.20725828622881e-6
0;0.02;0.91;44.499990;44.500000;-0.0000103606473871309
0;0.02;0.92;44.999994;45.000000;-6.01513173137391e-6
0;0.02;0.93;45.499994;45.500000;-5.87432379006714e-6
0;0.02;0.94;45.999996;46.000000;-3.54392091139744e-6
0;0.02;0.95;46.499999;46.500000;-1.10466451275215e-6
0;0.02;0.96;46.999992;47.000000;-8.15042152879641e-6
0;0.02;0.97;47.499988;47.500000;-0.0000124793097384668
0;0.02;0.98;47.999999;48.000000;-1.48836905822236e-6
0;0.02;0.99;56.821276;56.821284;-8.86358259322151e-6
0;0.03;0.04;0.33333344;0.33333333;1.11288751880601e-7
0;0.03;0.05;0.66666667;0.66666667;4.34941871407801e-9
0;0.03;0.06;0.99999995;1.0000000;-5.16708381637088e-8
0;0.03;0.07;1.3333335;1.3333333;1.30434739675778e-7
0;0.03;0.08;1.6666666;1.6666667;-1.00483684040142e-7
0;0.03;0.09;1.9999997;2.0000000;-2.64537701966105e-7
0;0.03;0.1;2.3333332;2.3333333;-1.36709842113447e-7
0;0.03;0.11;2.6666665;2.6666667;-1.62530592540122e-7
0;0.03;0.12;2.9999998;3.0000000;-2.28137586155697e-7
0;0.03;0.13;3.3333332;3.3333333;-1.24928916100941e-7
0;0.03;0.14;3.6666661;3.6666667;-5.23487811765477e-7
0;0.03;0.15;3.9999996;4.0000000;-3.67953957081113e-7
0;0.03;0.16;4.3333331;4.3333333;-2.30796407763023e-7
0;0.03;0.17;4.6666659;4.6666667;-7.41854793595564e-7
0;0.03;0.18;4.9999995;5.0000000;-5.03528029938138e-7
0;0.03;0.19;5.3333334;5.3333333;6.98333595394729e-8
0;0.03;0.2;5.6666666;5.6666667;-2.78486167459846e-8
0;0.03;0.21;5.9999998;6.0000000;-1.98235233561661e-7
0;0.03;0.22;6.3333328;6.3333333;-5.26456847005363e-7
0;0.03;0.23;6.6666659;6.6666667;-8.13209561911776e-7
0;0.03;0.24;6.9999994;7.0000000;-5.98406200147394e-7
0;0.03;0.25;7.3333312;7.3333333;-2.16471377090244e-6
0;0.03;0.26;7.6666663;7.6666667;-3.98056923422985e-7
0;0.03;0.27;7.9999992;8.0000000;-8.20669256107465e-7
0;0.03;0.28;8.3333331;8.3333333;-2.35135958703836e-7
0;0.03;0.29;8.6666659;8.6666667;-7.99652520200311e-7
0;0.03;0.3;8.9999994;9.0000000;-6.30309875404578e-7
0;0.03;0.31;9.3333333;9.3333333;-3.63352476995260e-8
0;0.03;0.32;9.6666655;9.6666667;-1.16247487369492e-6
0;0.03;0.33;9.9999993;10.000000;-6.56420144906633e-7
0;0.03;0.34;10.333331;10.333333;-2.26018141802342e-6
0;0.03;0.35;10.666666;10.666667;-7.03754732711559e-7
0;0.03;0.36;10.999998;11.000000;-1.88643522491816e-6
0;0.03;0.37;11.333333;11.333333;-6.57831426664757e-7
0;0.03;0.38;11.666667;11.666667;-1.45886543734264e-7
0;0.03;0.39;11.999998;12.000000;-2.24296549866665e-6
0;0.03;0.4;12.333332;12.333333;-1.00208255737755e-6
0;0.03;0.41;12.666665;12.666667;-1.88895228170338e-6
0;0.03;0.42;12.999999;13.000000;-1.12271202112879e-6
0;0.03;0.43;13.333332;13.333333;-1.52761085381314e-6
0;0.03;0.44;13.666666;13.666667;-5.64294012406208e-7
0;0.03;0.45;14.000000;14.000000;-9.04634998022402e-8
0;0.03;0.46;14.333330;14.333333;-3.24734337020516e-6
0;0.03;0.47;14.666666;14.666667;-8.38783179801794e-7
0;0.03;0.48;14.999997;15.000000;-2.96408754607569e-6
0;0.03;0.49;15.333333;15.333333;-4.57485246130318e-7
0;0.03;0.5;15.666665;15.666667;-1.32277078890297e-6
0;0.03;0.51;15.999998;16.000000;-2.20157878771943e-6
0;0.03;0.52;16.333332;16.333333;-1.14645571613892e-6
0;0.03;0.53;16.666666;16.666667;-1.00156466942281e-6
0;0.03;0.54;16.999999;17.000000;-1.08142562993407e-6
0;0.03;0.55;17.333333;17.333333;-1.28293915935274e-7
0;0.03;0.56;17.666665;17.666667;-1.25983238064009e-6
0;0.03;0.57;17.999998;18.000000;-2.33763829626810e-6
0;0.03;0.58;18.333331;18.333333;-2.47876006298497e-6
0;0.03;0.59;18.666664;18.666667;-2.95943619121886e-6
0;0.03;0.6;18.999998;19.000000;-1.95288034632313e-6
0;0.03;0.61;19.333333;19.333333;-7.75780797823700e-7
0;0.03;0.62;19.666665;19.666667;-1.32733885749303e-6
0;0.03;0.63;19.999998;20.000000;-1.98977770082820e-6
0;0.03;0.64;20.333331;20.333333;-1.93384275704034e-6
0;0.03;0.65;20.666662;20.666667;-4.31082369445335e-6
0;0.03;0.66;20.999998;21.000000;-2.41511858689591e-6
0;0.03;0.67;21.333333;21.333333;-8.14033558782512e-7
0;0.03;0.68;21.666666;21.666667;-9.14446108168931e-7
0;0.03;0.69;21.999996;22.000000;-4.30575040155645e-6
0;0.03;0.7;22.333332;22.333333;-1.79564143820699e-6
0;0.03;0.71;22.666666;22.666667;-2.92072314778125e-7
0;0.03;0.72;23.000000;23.000000;-2.91440137800691e-7
0;0.03;0.73;23.333333;23.333333;-3.14692183422949e-7
0;0.03;0.74;23.666665;23.666667;-1.60116344005701e-6
0;0.03;0.75;23.999997;24.000000;-3.28902039115064e-6
0;0.03;0.76;24.333332;24.333333;-1.79741436312497e-6
0;0.03;0.77;24.666663;24.666667;-3.42771222605620e-6
0;0.03;0.78;24.999997;25.000000;-2.57461097419309e-6
0;0.03;0.79;25.333331;25.333333;-2.06823921899968e-6
0;0.03;0.8;25.666665;25.666667;-1.21681142317698e-6
0;0.03;0.81;25.999998;26.000000;-1.82282518323973e-6
0;0.03;0.82;26.333331;26.333333;-2.09664969119672e-6
0;0.03;0.83;26.666665;26.666667;-1.43339835290135e-6
0;0.03;0.84;26.999999;27.000000;-1.39673998944545e-6
0;0.03;0.85;27.333329;27.333333;-4.66162416401517e-6
0;0.03;0.86;27.666666;27.666667;-7.11359565030989e-7
0;0.03;0.87;27.999997;28.000000;-2.61193179085240e-6
0;0.03;0.88;28.333329;28.333333;-4.58710012196661e-6
0;0.03;0.89;28.666660;28.666667;-7.12219143039761e-6
0;0.03;0.9;28.999997;29.000000;-3.39795722936742e-6
0;0.03;0.91;29.333327;29.333333;-6.70715017747625e-6
0;0.03;0.92;29.666664;29.666667;-2.96940119781652e-6
0;0.03;0.93;29.999998;30.000000;-1.97996291007030e-6
0;0.03;0.94;30.333330;30.333333;-3.23450782246937e-6
0;0.03;0.95;30.666663;30.666667;-4.04077373872269e-6
0;0.03;0.96;30.999994;31.000000;-5.85220004722942e-6
0;0.03;0.97;31.333332;31.333333;-9.91529734761798e-7
0;0.03;0.98;33.266154;33.266158;-3.93195324477347e-6
0;0.03;0.99;49.148737;49.148748;-0.0000114523067011874
0;0.04;0.05;0.25000010;0.25000000;1.01168519173189e-7
0;0.04;0.06;0.50000000;0.50000000;-2.24550755767439e-9
0;0.04;0.07;0.75000007;0.75000000;6.77949276717271e-8
0;0.04;0.08;0.99999996;1.0000000;-4.26752053694912e-8
0;0.04;0.09;1.2499999;1.2500000;-7.95912011852806e-8
0;0.04;0.1;1.5000000;1.5000000;1.48300769442500e-8
0;0.04;0.11;1.7500000;1.7500000;1.98675838003481e-8
0;0.04;0.12;1.9999999;2.0000000;-1.05345973944182e-7
0;0.04;0.13;2.2499998;2.2500000;-1.58294501950706e-7
0;0.04;0.14;2.4999996;2.5000000;-3.55020752351720e-7
0;0.04;0.15;2.7499998;2.7500000;-1.59254895493177e-7
0;0.04;0.16;3.0000000;3.0000000;-4.11536804634238e-8
0;0.04;0.17;3.2500000;3.2500000;4.36713496476671e-8
0;0.04;0.18;3.5000001;3.5000000;5.71676532779009e-8
0;0.04;0.19;3.7499994;3.7500000;-5.62283950955589e-7
0;0.04;0.2;4.0000001;4.0000000;5.54041736933186e-8
0;0.04;0.21;4.2500001;4.2500000;6.77101272827940e-8
0;0.04;0.22;4.4999998;4.5000000;-2.17947484060232e-7
0;0.04;0.23;4.7499995;4.7500000;-4.71056108786172e-7
0;0.04;0.24;4.9999996;5.0000000;-4.42147846335672e-7
0;0.04;0.25;5.2499996;5.2500000;-3.80079260509092e-7
0;0.04;0.26;5.4999996;5.5000000;-4.42653142584959e-7
0;0.04;0.27;5.7499995;5.7500000;-4.79697706445847e-7
0;0.04;0.28;5.9999998;6.0000000;-1.98972791132235e-7
0;0.04;0.29;6.2499996;6.2500000;-3.72355378530642e-7
0;0.04;0.3;6.4999990;6.5000000;-9.84182158880742e-7
0;0.04;0.31;6.7499999;6.7500000;-8.99253791430965e-8
0;0.04;0.32;6.9999994;7.0000000;-5.81596377280391e-7
0;0.04;0.33;7.2499994;7.2500000;-5.89388509553146e-7
0;0.04;0.34;7.4999996;7.5000000;-3.95776455164309e-7
0;0.04;0.35;7.7499997;7.7500000;-3.10128513980601e-7
0;0.04;0.36;7.9999998;8.0000000;-1.72291450439843e-7
0;0.04;0.37;8.2499998;8.2500000;-1.79150907442249e-7
0;0.04;0.38;8.4999989;8.5000000;-1.11386836110228e-6
0;0.04;0.39;8.7499996;8.7500000;-4.33126174925746e-7
0;0.04;0.4;8.9999992;9.0000000;-7.66601484514240e-7
0;0.04;0.41;9.2499991;9.2500000;-8.84622755492614e-7
0;0.04;0.42;9.4999985;9.5000000;-1.45332663947784e-6
0;0.04;0.43;9.7499997;9.7500000;-2.92035089444198e-7
0;0.04;0.44;9.9999983;10.000000;-1.65869602497537e-6
0;0.04;0.45;10.249999;10.250000;-8.04763322648228e-7
0;0.04;0.46;10.500000;10.500000;-4.92750157121691e-7
0;0.04;0.47;10.749999;10.750000;-7.32475193387927e-7
0;0.04;0.48;11.000000;11.000000;-1.03326383893432e-7
0;0.04;0.49;11.250000;11.250000;-4.51876472240542e-7
0;0.04;0.5;11.500000;11.500000;-4.82592303896467e-7
0;0.04;0.51;11.749999;11.750000;-7.20179198054893e-7
0;0.04;0.52;11.999998;12.000000;-1.81344028327146e-6
0;0.04;0.53;12.249998;12.250000;-2.42660359894842e-6
0;0.04;0.54;12.500000;12.500000;-8.70366836380754e-8
0;0.04;0.55;12.749999;12.750000;-1.38575740393776e-6
0;0.04;0.56;12.999999;13.000000;-5.78816701235496e-7
0;0.04;0.57;13.249999;13.250000;-1.32883908854353e-6
0;0.04;0.58;13.499999;13.500000;-1.36414364071413e-6
0;0.04;0.59;13.749999;13.750000;-7.19718308062056e-7
0;0.04;0.6;13.999998;14.000000;-2.46341681275908e-6
0;0.04;0.61;14.250000;14.250000;-2.21518654086594e-7
0;0.04;0.62;14.500000;14.500000;-3.27828999502344e-7
0;0.04;0.63;14.749999;14.750000;-5.43052513179987e-7
0;0.04;0.64;14.999999;15.000000;-8.24319373649018e-7
0;0.04;0.65;15.250000;15.250000;-2.27204223435251e-7
0;0.04;0.66;15.499999;15.500000;-1.03096389558743e-6
0;0.04;0.67;15.749998;15.750000;-1.83100950401638e-6
0;0.04;0.68;15.999998;16.000000;-1.60066566401440e-6
0;0.04;0.69;16.249998;16.250000;-1.60858980535750e-6
0;0.04;0.7;16.500000;16.500000;-1.85083198545044e-7
0;0.04;0.71;16.749999;16.750000;-1.22770582322573e-6
0;0.04;0.72;16.999998;17.000000;-1.55282873137708e-6
0;0.04;0.73;17.250000;17.250000;-3.34792677136875e-7
0;0.04;0.74;17.499999;17.500000;-8.16181113805214e-7
0;0.04;0.75;17.749999;17.750000;-7.67288927505660e-7
0;0.04;0.76;18.000000;18.000000;-3.47924132171329e-7
0;0.04;0.77;18.249996;18.250000;-3.74989410545368e-6
0;0.04;0.78;18.499998;18.500000;-1.79786998444342e-6
0;0.04;0.79;18.749999;18.750000;-6.27758545590495e-7
0;0.04;0.8;18.999998;19.000000;-1.82809396775951e-6
0;0.04;0.81;19.249999;19.250000;-1.31082661170012e-6
0;0.04;0.82;19.499996;19.500000;-4.20111073395901e-6
0;0.04;0.83;19.750000;19.750000;-3.01765737731330e-7
0;0.04;0.84;19.999999;20.000000;-1.11811942460349e-6
0;0.04;0.85;20.249999;20.250000;-1.04501284070579e-6
0;0.04;0.86;20.499998;20.500000;-1.76795613171521e-6
0;0.04;0.87;20.749998;20.750000;-1.58346254508501e-6
0;0.04;0.88;20.999998;21.000000;-2.14849653801252e-6
0;0.04;0.89;21.249996;21.250000;-3.86670935981215e-6
0;0.04;0.9;21.499997;21.500000;-2.82524935002471e-6
0;0.04;0.91;21.749998;21.750000;-2.14369973150497e-6
0;0.04;0.92;21.999999;22.000000;-1.35937011336296e-6
0;0.04;0.93;22.249996;22.250000;-3.83121865255021e-6
0;0.04;0.94;22.499998;22.500000;-2.45503692752891e-6
0;0.04;0.95;22.749998;22.750000;-2.32298041780155e-6
0;0.04;0.96;23.000000;23.000000;-3.21818056647771e-7
0;0.04;0.97;23.806421;23.806425;-3.56983445115588e-6
0;0.04;0.98;27.531958;27.531963;-4.64043551318127e-6
0;0.04;0.99;47.499994;47.500000;-5.79093693886534e-6
0;0.05;0.06;0.20000010;0.20000000;9.79602212403119e-8
0;0.05;0.07;0.40000000;0.40000000;2.94725799321327e-9
0;0.05;0.08;0.60000009;0.60000000;8.95125915612027e-8
0;0.05;0.09;0.79999994;0.80000000;-5.97702796145683e-8
0;0.05;0.1;0.99999995;1.0000000;-5.11767329625101e-8
0;0.05;0.11;1.1999999;1.2000000;-1.10723003654556e-7
0;0.05;0.12;1.4000000;1.4000000;-4.62465186146233e-8
0;0.05;0.13;1.6000001;1.6000000;1.22293019710895e-7
0;0.05;0.14;1.7999997;1.8000000;-3.12976204952520e-7
0;0.05;0.15;1.9999998;2.0000000;-1.66124567879677e-7
0;0.05;0.16;2.1999997;2.2000000;-2.97355726708304e-7
0;0.05;0.17;2.3999997;2.4000000;-3.35623622671477e-7
0;0.05;0.18;2.5999998;2.6000000;-1.93794204683684e-7
0;0.05;0.19;2.7999999;2.8000000;-1.44193813333970e-7
0;0.05;0.2;2.9999998;3.0000000;-2.22084736822836e-7
0;0.05;0.21;3.2000000;3.2000000;-3.16769446229159e-8
0;0.05;0.22;3.3999997;3.4000000;-3.08935413695366e-7
0;0.05;0.23;3.5999999;3.6000000;-5.14628766268288e-8
0;0.05;0.24;3.8000000;3.8000000;-3.45565114301394e-8
0;0.05;0.25;3.9999997;4.0000000;-2.97232848556206e-7
0;0.05;0.26;4.1999997;4.2000000;-2.80436112554128e-7
0;0.05;0.27;4.3999994;4.4000000;-5.82272617677404e-7
0;0.05;0.28;4.5999993;4.6000000;-6.72805073875793e-7
0;0.05;0.29;4.7999994;4.8000000;-5.80856158727272e-7
0;0.05;0.3;4.9999996;5.0000000;-3.67372635423635e-7
0;0.05;0.31;5.2000000;5.2000000;-4.74453543120035e-9
0;0.05;0.32;5.3999994;5.4000000;-6.34390055154199e-7
0;0.05;0.33;5.6000000;5.6000000;3.02287723741301e-8
0;0.05;0.34;5.7999994;5.8000000;-6.14166727253007e-7
0;0.05;0.35;6.0000000;6.0000000;1.15101572717435e-8
0;0.05;0.36;6.1999995;6.2000000;-4.70693487741869e-7
0;0.05;0.37;6.4000001;6.4000000;5.45121974226959e-8
0;0.05;0.38;6.5999996;6.6000000;-4.01889501233654e-7
0;0.05;0.39;6.7999999;6.8000000;-1.09507301004896e-7
0;0.05;0.4;6.9999998;7.0000000;-2.27722030565758e-7
0;0.05;0.41;7.1999997;7.2000000;-2.48074198516690e-7
0;0.05;0.42;7.3999996;7.4000000;-3.97114019001776e-7
0;0.05;0.43;7.5999996;7.6000000;-4.21090198265972e-7
0;0.05;0.44;7.8000000;7.8000000;2.11812656303323e-8
0;0.05;0.45;7.9999992;8.0000000;-7.66610668279100e-7
0;0.05;0.46;8.1999992;8.2000000;-8.35254031272825e-7
0;0.05;0.47;8.3999992;8.4000000;-8.07325527318881e-7
0;0.05;0.48;8.5999991;8.6000000;-8.62395877376798e-7
0;0.05;0.49;8.7999993;8.8000000;-7.13963149934216e-7
0;0.05;0.5;8.9999997;9.0000000;-2.59584325590367e-7
0;0.05;0.51;9.1999998;9.2000000;-1.82435156759198e-7
0;0.05;0.52;9.4000000;9.4000000;1.46651775168039e-8
0;0.05;0.53;9.5999993;9.6000000;-7.37569035180741e-7
0;0.05;0.54;9.8000000;9.8000000;-4.76856776288059e-9
0;0.05;0.55;9.9999995;10.000000;-5.00035696404666e-7
0;0.05;0.56;10.200000;10.200000;-3.58460392035909e-7
0;0.05;0.57;10.399999;10.400000;-7.43414176440638e-7
0;0.05;0.58;10.599999;10.600000;-6.95647234039143e-7
0;0.05;0.59;10.800000;10.800000;-2.93155942188150e-7
0;0.05;0.6;10.999999;11.000000;-8.92599913981940e-7
0;0.05;0.61;11.199999;11.200000;-6.28752692577450e-7
0;0.05;0.62;11.399998;11.400000;-1.63136412822951e-6
0;0.05;0.63;11.600000;11.600000;-2.11886970191699e-7
0;0.05;0.64;11.799999;11.800000;-9.01222824367665e-7
0;0.05;0.65;11.999999;12.000000;-6.66218236133886e-7
0;0.05;0.66;12.199999;12.200000;-8.58601049813501e-7
0;0.05;0.67;12.399999;12.400000;-1.35603125706041e-6
0;0.05;0.68;12.599999;12.600000;-1.41975668377370e-6
0;0.05;0.69;12.799999;12.800000;-1.37698365954009e-6
0;0.05;0.7;12.999998;13.000000;-1.52526041041767e-6
0;0.05;0.71;13.199999;13.200000;-1.21093576588294e-6
0;0.05;0.72;13.400000;13.400000;-4.08844995192226e-7
0;0.05;0.73;13.599999;13.600000;-6.12277855083221e-7
0;0.05;0.74;13.799999;13.800000;-5.26709916570667e-7
0;0.05;0.75;13.999999;14.000000;-1.42605987818456e-6
0;0.05;0.76;14.199999;14.200000;-1.03664774719903e-6
0;0.05;0.77;14.400000;14.400000;-5.87681601160739e-8
0;0.05;0.78;14.599999;14.600000;-1.40465213327445e-6
0;0.05;0.79;14.800000;14.800000;-8.81047927947520e-8
0;0.05;0.8;14.999998;15.000000;-2.35715758378774e-6
0;0.05;0.81;15.199999;15.200000;-1.27757784795790e-6
0;0.05;0.82;15.399998;15.400000;-2.26428452698713e-6
0;0.05;0.83;15.599998;15.600000;-1.66986673555414e-6
0;0.05;0.84;15.799996;15.800000;-3.58954379997556e-6
0;0.05;0.85;15.999999;16.000000;-1.41606597381383e-6
0;0.05;0.86;16.199999;16.200000;-1.37511503695009e-6
0;0.05;0.87;16.400000;16.400000;-2.17087439580155e-7
0;0.05;0.88;16.599999;16.600000;-1.37567574753916e-6
0;0.05;0.89;16.799998;16.800000;-2.06853597717327e-6
0;0.05;0.9;16.999999;17.000000;-9.76192993107361e-7
0;0.05;0.91;17.200000;17.200000;-3.14500471887413e-7
0;0.05;0.92;17.399999;17.400000;-7.60088163076489e-7
0;0.05;0.93;17.600000;17.600000;-2.80941765851139e-7
0;0.05;0.94;17.799998;17.800000;-2.26170737960274e-6
0;0.05;0.95;18.000000;18.000000;-2.89340707837482e-7
0;0.05;0.96;18.453562;18.453563;-5.01780647255146e-7
0;0.05;0.97;19.958070;19.958071;-1.08698438339161e-6
0;0.05;0.98;24.881634;24.881636;-1.93814353011135e-6
0;0.05;0.99;46.999992;47.000000;-7.48764515634548e-6
0;0.06;0.07;0.16666669;0.16666667;2.63163416891476e-8
0;0.06;0.08;0.33333339;0.33333333;5.21959094834656e-8
0;0.06;0.09;0.49999995;0.50000000;-4.70203138092096e-8
0;0.06;0.1;0.66666669;0.66666667;2.41188798932868e-8
0;0.06;0.11;0.83333327;0.83333333;-6.74971177838657e-8
0;0.06;0.12;1.0000000;1.0000000;2.69527917762247e-8
0;0.06;0.13;1.1666666;1.1666667;-2.30441836723827e-8
0;0.06;0.14;1.3333332;1.3333333;-1.37493593621585e-7
0;0.06;0.15;1.5000000;1.5000000;-4.42722476456936e-8
0;0.06;0.16;1.6666665;1.6666667;-1.89091803104446e-7
0;0.06;0.17;1.8333333;1.8333333;-5.26028234304476e-8
0;0.06;0.18;2.0000000;2.0000000;-3.73297392997074e-9
0;0.06;0.19;2.1666665;2.1666667;-1.60289153505744e-7
0;0.06;0.2;2.3333332;2.3333333;-1.40068011855732e-7
0;0.06;0.21;2.4999998;2.5000000;-1.51419293104027e-7
0;0.06;0.22;2.6666665;2.6666667;-2.14402758658139e-7
0;0.06;0.23;2.8333330;2.8333333;-3.72715859064954e-7
0;0.06;0.24;2.9999999;3.0000000;-1.45533251227903e-7
0;0.06;0.25;3.1666664;3.1666667;-2.88676962334478e-7
0;0.06;0.26;3.3333332;3.3333333;-1.71135720705706e-7
0;0.06;0.27;3.4999997;3.5000000;-3.16057543248149e-7
0;0.06;0.28;3.6666665;3.6666667;-2.13175622043593e-7
0;0.06;0.29;3.8333327;3.8333333;-6.06699231298080e-7
0;0.06;0.3;4.0000000;4.0000000;-4.67544638560469e-8
0;0.06;0.31;4.1666665;4.1666667;-1.89395580107998e-7
0;0.06;0.32;4.3333327;4.3333333;-6.14557837508301e-7
0;0.06;0.33;4.4999996;4.5000000;-3.83112019441967e-7
0;0.06;0.34;4.6666664;4.6666667;-2.22083348155877e-7
0;0.06;0.35;4.8333332;4.8333333;-1.02956906999907e-7
0;0.06;0.36;4.9999995;5.0000000;-5.20037949591767e-7
0;0.06;0.37;5.1666664;5.1666667;-2.80888482251385e-7
0;0.06;0.38;5.3333332;5.3333333;-1.45831380748973e-7
0;0.06;0.39;5.4999993;5.5000000;-7.17457925958342e-7
0;0.06;0.4;5.6666661;5.6666667;-6.13854127529123e-7
0;0.06;0.41;5.8333334;5.8333333;5.14335756207629e-8
0;0.06;0.42;5.9999994;6.0000000;-5.49678707884027e-7
0;0.06;0.43;6.1666664;6.1666667;-2.60715106392695e-7
0;0.06;0.44;6.3333325;6.3333333;-7.94109896062878e-7
0;0.06;0.45;6.4999995;6.5000000;-5.28017465306618e-7
0;0.06;0.46;6.6666664;6.6666667;-2.61384315969337e-7
0;0.06;0.47;6.8333326;6.8333333;-6.96693768453827e-7
0;0.06;0.48;6.9999999;7.0000000;-1.43555936915618e-7
0;0.06;0.49;7.1666661;7.1666667;-5.43231060134985e-7
0;0.06;0.5;7.3333322;7.3333333;-1.13169174564831e-6
0;0.06;0.51;7.4999999;7.5000000;-1.23546251451501e-7
0;0.06;0.52;7.6666660;7.6666667;-6.57453819385978e-7
0;0.06;0.53;7.8333333;7.8333333;-3.18036272872746e-8
0;0.06;0.54;7.9999993;8.0000000;-6.56358944972624e-7
0;0.06;0.55;8.1666659;8.1666667;-7.92530860493912e-7
0;0.06;0.56;8.3333318;8.3333333;-1.54659158724257e-6
0;0.06;0.57;8.5000000;8.5000000;3.95873041014738e-8
0;0.06;0.58;8.6666666;8.6666667;-5.96627263149685e-8
0;0.06;0.59;8.8333324;8.8333333;-9.27206714962381e-7
0;0.06;0.6;8.9999997;9.0000000;-2.91901086413304e-7
0;0.06;0.61;9.1666661;9.1666667;-5.58272128969861e-7
0;0.06;0.62;9.3333315;9.3333333;-1.84831868565993e-6
0;0.06;0.63;9.4999987;9.5000000;-1.32681101483456e-6
0;0.06;0.64;9.6666657;9.6666667;-9.87317397616039e-7
0;0.06;0.65;9.8333331;9.8333333;-2.44645155689227e-7
0;0.06;0.66;9.9999995;10.000000;-5.36935662154292e-7
0;0.06;0.67;10.166666;10.166667;-1.14769766312861e-6
0;0.06;0.68;10.333333;10.333333;-9.44526679091950e-8
0;0.06;0.69;10.500000;10.500000;-4.26854576573987e-7
0;0.06;0.7;10.666667;10.666667;-2.74306621861342e-8
0;0.06;0.71;10.833331;10.833333;-2.54456356785226e-6
0;0.06;0.72;11.000000;11.000000;-3.02385092965096e-7
0;0.06;0.73;11.166665;11.166667;-1.19462151637606e-6
0;0.06;0.74;11.333332;11.333333;-1.29372893020729e-6
0;0.06;0.75;11.499999;11.500000;-6.00554344032389e-7
0;0.06;0.76;11.666666;11.666667;-7.98030432846986e-7
0;0.06;0.77;11.833332;11.833333;-1.08207169446928e-6
0;0.06;0.78;11.999999;12.000000;-1.09666035008615e-6
0;0.06;0.79;12.166666;12.166667;-4.14769035117502e-7
0;0.06;0.8;12.333333;12.333333;-4.14605000997881e-7
0;0.06;0.81;12.499998;12.500000;-2.01207198102793e-6
0;0.06;0.82;12.666666;12.666667;-2.67072199022778e-7
0;0.06;0.83;12.833331;12.833333;-2.26919321733021e-6
0;0.06;0.84;12.999999;13.000000;-7.94239236157068e-7
0;0.06;0.85;13.166666;13.166667;-7.09605370019517e-7
0;0.06;0.86;13.333332;13.333333;-1.65651180061843e-6
0;0.06;0.87;13.499999;13.500000;-1.31738040209939e-6
0;0.06;0.88;13.666665;13.666667;-1.90354777984680e-6
0;0.06;0.89;13.833331;13.833333;-2.40310343180283e-6
0;0.06;0.9;13.999999;14.000000;-1.35686145164016e-6
0;0.06;0.91;14.166665;14.166667;-1.20417992732769e-6
0;0.06;0.92;14.333332;14.333333;-1.27938207228340e-6
0;0.06;0.93;14.499999;14.500000;-8.95402608946938e-7
0;0.06;0.94;14.666667;14.666667;-1.00293435778553e-7
0;0.06;0.95;14.968461;14.968462;-5.05276959827938e-7
0;0.06;0.96;15.757652;15.757654;-1.77706055026761e-6
0;0.06;0.97;17.768853;17.768855;-2.42156698959661e-6
0;0.06;0.98;23.550438;23.550442;-3.45348637154075e-6
0;0.06;0.99;46.499993;46.500000;-6.62435679288365e-6
0;0.07;0.08;0.14285717;0.14285714;2.26324105012665e-8
0;0.07;0.09;0.28571425;0.28571429;-3.68001532580209e-8
0;0.07;0.1;0.42857140;0.42857143;-3.32780253353704e-8
0;0.07;0.11;0.57142854;0.57142857;-3.63136557490762e-8
0;0.07;0.12;0.71428583;0.71428571;1.14443915788520e-7
0;0.07;0.13;0.85714290;0.85714286;4.73740545681167e-8
0;0.07;0.14;1.0000000;1.0000000;3.28497746782119e-8
0;0.07;0.15;1.1428572;1.1428571;4.96628671520227e-8
0;0.07;0.16;1.2857142;1.2857143;-9.50904595065083e-8
0;0.07;0.17;1.4285715;1.4285714;7.01395628244228e-8
0;0.07;0.18;1.5714283;1.5714286;-2.53144607276212e-7
0;0.07;0.19;1.7142857;1.7142857;-1.62414850457537e-8
0;0.07;0.2;1.8571429;1.8571429;4.70319982959211e-8
0;0.07;0.21;1.9999999;2.0000000;-1.29446217078666e-7
0;0.07;0.22;2.1428568;2.1428571;-3.27833223678908e-7
0;0.07;0.23;2.2857142;2.2857143;-6.29538683405428e-8
0;0.07;0.24;2.4285712;2.4285714;-2.56737974879684e-7
0;0.07;0.25;2.5714285;2.5714286;-6.34663885890063e-8
0;0.07;0.26;2.7142856;2.7142857;-1.49435388063779e-7
0;0.07;0.27;2.8571426;2.8571429;-2.38724235934740e-7
0;0.07;0.28;3.0000000;3.0000000;4.21045496246109e-8
0;0.07;0.29;3.1428570;3.1428571;-1.69948026318423e-7
0;0.07;0.3;3.2857139;3.2857143;-3.42815130061069e-7
0;0.07;0.31;3.4285711;3.4285714;-3.10807740877550e-7
0;0.07;0.32;3.5714284;3.5714286;-2.17655899081848e-7
0;0.07;0.33;3.7142857;3.7142857;-3.27418332446427e-8
0;0.07;0.34;3.8571427;3.8571429;-1.31129270997121e-7
0;0.07;0.35;4.0000000;4.0000000;3.55140512553476e-8
0;0.07;0.36;4.1428571;4.1428571;-4.92821836672874e-8
0;0.07;0.37;4.2857142;4.2857143;-1.12546847397255e-7
0;0.07;0.38;4.4285714;4.4285714;-5.66169697790997e-8
0;0.07;0.39;4.5714286;4.5714286;2.29151524422377e-8
0;0.07;0.4;4.7142853;4.7142857;-3.81104683810918e-7
0;0.07;0.41;4.8571425;4.8571429;-3.31244266682518e-7
0;0.07;0.42;4.9999998;5.0000000;-2.27560576604446e-7
0;0.07;0.43;5.1428570;5.1428571;-1.58775447012260e-7
0;0.07;0.44;5.2857138;5.2857143;-4.49827030735150e-7
0;0.07;0.45;5.4285708;5.4285714;-6.12107374564630e-7
0;0.07;0.46;5.5714278;5.5714286;-7.64739097824929e-7
0;0.07;0.47;5.7142854;5.7142857;-3.51214463734095e-7
0;0.07;0.48;5.8571426;5.8571429;-2.72691318414786e-7
0;0.07;0.49;5.9999993;6.0000000;-6.62190869249457e-7
0;0.07;0.5;6.1428563;6.1428571;-8.09505955601253e-7
0;0.07;0.51;6.2857143;6.2857143;-2.62610040380196e-8
0;0.07;0.52;6.4285712;6.4285714;-2.22388919723926e-7
0;0.07;0.53;6.5714286;6.5714286;-1.24032952797393e-8
0;0.07;0.54;6.7142856;6.7142857;-1.53832134586196e-7
0;0.07;0.55;6.8571429;6.8571429;1.19469207859879e-8
0;0.07;0.56;6.9999998;7.0000000;-2.36227990058069e-7
0;0.07;0.57;7.1428560;7.1428571;-1.13219438802048e-6
0;0.07;0.58;7.2857138;7.2857143;-4.73808130507791e-7
0;0.07;0.59;7.4285708;7.4285714;-5.93854537989102e-7
0;0.07;0.6;7.5714279;7.5714286;-6.42461374766867e-7
0;0.07;0.61;7.7142854;7.7142857;-3.33314610578839e-7
0;0.07;0.62;7.8571428;7.8571429;-4.87295590545500e-8
0;0.07;0.63;7.9999994;8.0000000;-6.07915369599255e-7
0;0.07;0.64;8.1428571;8.1428571;1.84821402626767e-9
0;0.07;0.65;8.2857140;8.2857143;-3.29311472313520e-7
0;0.07;0.66;8.4285705;8.4285714;-9.22666712810383e-7
0;0.07;0.67;8.5714282;8.5714286;-3.46978845655599e-7
0;0.07;0.68;8.7142850;8.7142857;-7.57777268489690e-7
0;0.07;0.69;8.8571417;8.8571429;-1.19231603967762e-6
0;0.07;0.7;8.9999991;9.0000000;-8.92912581207383e-7
0;0.07;0.71;9.1428552;9.1428571;-1.93971208162225e-6
0;0.07;0.72;9.2857134;9.2857143;-8.98717830821738e-7
0;0.07;0.73;9.4285709;9.4285714;-5.12238949923471e-7
0;0.07;0.74;9.5714280;9.5714286;-5.42879673659513e-7
0;0.07;0.75;9.7142851;9.7142857;-6.17683978632044e-7
0;0.07;0.76;9.8571422;9.8571429;-6.83574295834433e-7
0;0.07;0.77;9.9999987;10.000000;-1.28038786684215e-6
0;0.07;0.78;10.142857;10.142857;-3.12141052560833e-7
0;0.07;0.79;10.285713;10.285714;-1.19300031187208e-6
0;0.07;0.8;10.428571;10.428571;-1.45058963951783e-7
0;0.07;0.81;10.571428;10.571429;-9.02140858016764e-7
0;0.07;0.82;10.714285;10.714286;-2.91390032103322e-7
0;0.07;0.83;10.857141;10.857143;-1.82356687972174e-6
0;0.07;0.84;10.999999;11.000000;-7.92662021353863e-7
0;0.07;0.85;11.142857;11.142857;-5.34049551248472e-7
0;0.07;0.86;11.285713;11.285714;-1.40874641019195e-6
0;0.07;0.87;11.428569;11.428571;-2.52029700931189e-6
0;0.07;0.88;11.571428;11.571429;-4.87497585410779e-7
0;0.07;0.89;11.714284;11.714286;-1.32604836267092e-6
0;0.07;0.9;11.857142;11.857143;-1.05008431816600e-6
0;0.07;0.91;11.999999;12.000000;-1.24359738506996e-6
0;0.07;0.92;12.142856;12.142857;-1.36687483909270e-6
0;0.07;0.93;12.285714;12.285714;-1.08483778404889e-7
0;0.07;0.94;12.508359;12.508360;-7.04566591736011e-7
0;0.07;0.95;12.993427;12.993427;-5.66145638813964e-7
0;0.07;0.96;14.039731;14.039733;-2.14297887524140e-6
0;0.07;0.97;16.435063;16.435065;-2.94182754956296e-6
0;0.07;0.98;22.858450;22.858454;-3.67081952035164e-6
0;0.07;0.99;45.999994;46.000000;-6.29141850083670e-6
0;0.08;0.09;0.12500007;0.12500000;6.57716358043459e-8
0;0.08;0.1;0.25000008;0.25000000;8.30419761288503e-8
0;0.08;0.11;0.37500006;0.37500000;6.09151590835744e-8
0;0.08;0.12;0.50000010;0.50000000;9.98738646229569e-8
0;0.08;0.13;0.62500007;0.62500000;6.80913559980567e-8
0;0.08;0.14;0.74999998;0.75000000;-1.83006134690800e-8
0;0.08;0.15;0.87499998;0.87500000;-2.10642940867700e-8
0;0.08;0.16;0.99999987;1.0000000;-1.27196220556236e-7
0;0.08;0.17;1.1250000;1.1250000;-2.40602753276420e-8
0;0.08;0.18;1.2499997;1.2500000;-2.73293021324506e-7
0;0.08;0.19;1.3749999;1.3750000;-1.24548464652818e-7
0;0.08;0.2;1.4999999;1.5000000;-1.23413510522141e-7
0;0.08;0.21;1.6250000;1.6250000;-1.27999393306766e-8
0;0.08;0.22;1.7499999;1.7500000;-1.34001262086514e-7
0;0.08;0.23;1.8749998;1.8750000;-1.52400402075870e-7
0;0.08;0.24;2.0000001;2.0000000;9.38188962074094e-8
0;0.08;0.25;2.1249999;2.1250000;-8.81193376045530e-8
0;0.08;0.26;2.2499998;2.2500000;-2.33351181933017e-7
0;0.08;0.27;2.3749999;2.3750000;-5.18287150974572e-8
0;0.08;0.28;2.4999996;2.5000000;-3.91360845064526e-7
0;0.08;0.29;2.6250001;2.6250000;7.97115178308161e-8
0;0.08;0.3;2.7499999;2.7500000;-6.26651450730265e-8
0;0.08;0.31;2.8749997;2.8750000;-2.67749543869655e-7
0;0.08;0.32;2.9999998;3.0000000;-2.13366504908663e-7
0;0.08;0.33;3.1249997;3.1250000;-2.74876826189541e-7
0;0.08;0.34;3.2499996;3.2500000;-3.63480273879446e-7
0;0.08;0.35;3.3749997;3.3750000;-3.06067788002906e-7
0;0.08;0.36;3.5000000;3.5000000;2.47748430659556e-8
0;0.08;0.37;3.6250000;3.6250000;3.96147621373188e-8
0;0.08;0.38;3.7499998;3.7500000;-1.72264229103547e-7
0;0.08;0.39;3.8749997;3.8750000;-2.77767096434900e-7
0;0.08;0.4;3.9999997;4.0000000;-3.33113079342695e-7
0;0.08;0.41;4.1249996;4.1250000;-3.81335380161829e-7
0;0.08;0.42;4.2499998;4.2500000;-2.02887979305899e-7
0;0.08;0.43;4.3749997;4.3750000;-2.50812908220155e-7
0;0.08;0.44;4.4999998;4.5000000;-1.52978786083224e-7
0;0.08;0.45;4.6250000;4.6250000;-3.45246791155773e-8
0;0.08;0.46;4.7499999;4.7500000;-1.26959046831132e-7
0;0.08;0.47;4.8750001;4.8750000;7.65783658707164e-8
0;0.08;0.48;4.9999999;5.0000000;-1.26120166754617e-7
0;0.08;0.49;5.1249999;5.1250000;-1.42450207185618e-7
0;0.08;0.5;5.2499994;5.2500000;-5.79403552691815e-7
0;0.08;0.51;5.3749996;5.3750000;-4.18345507569029e-7
0;0.08;0.52;5.4999993;5.5000000;-6.65351424622429e-7
0;0.08;0.53;5.6249999;5.6250000;-4.84752282758905e-8
0;0.08;0.54;5.7499987;5.7500000;-1.26199130878746e-6
0;0.08;0.55;5.8749992;5.8750000;-8.13106582953083e-7
0;0.08;0.56;5.9999996;6.0000000;-4.12577342068232e-7
0;0.08;0.57;6.1249993;6.1250000;-6.76584747338893e-7
0;0.08;0.58;6.2499994;6.2500000;-5.83387365971078e-7
0;0.08;0.59;6.3749990;6.3750000;-1.01072133951163e-6
0;0.08;0.6;6.4999993;6.5000000;-7.23177952188792e-7
0;0.08;0.61;6.6249994;6.6250000;-5.95883252074714e-7
0;0.08;0.62;6.7499994;6.7500000;-6.15055116170993e-7
0;0.08;0.63;6.8750000;6.8750000;4.58588331753162e-8
0;0.08;0.64;6.9999988;7.0000000;-1.17124770504518e-6
0;0.08;0.65;7.1249996;7.1250000;-3.66452916011895e-7
0;0.08;0.66;7.2499991;7.2500000;-8.87625081880117e-7
0;0.08;0.67;7.3749997;7.3750000;-3.15712669340940e-7
0;0.08;0.68;7.5000001;7.5000000;7.22966913002665e-8
0;0.08;0.69;7.6249997;7.6250000;-2.57046938401118e-7
0;0.08;0.7;7.7499994;7.7500000;-5.95686015181229e-7
0;0.08;0.71;7.8749994;7.8750000;-6.00379451931587e-7
0;0.08;0.72;7.9999995;8.0000000;-4.56600202980439e-7
0;0.08;0.73;8.1249989;8.1250000;-1.05771827030310e-6
0;0.08;0.74;8.2500000;8.2500000;-2.92373947274882e-9
0;0.08;0.75;8.3749999;8.3750000;-1.45566424691879e-7
0;0.08;0.76;8.4999993;8.5000000;-6.68408860704517e-7
0;0.08;0.77;8.6249990;8.6250000;-9.89246528249055e-7
0;0.08;0.78;8.7499992;8.7500000;-7.59114946902173e-7
0;0.08;0.79;8.8749987;8.8750000;-1.24931576550580e-6
0;0.08;0.8;8.9999996;9.0000000;-4.41801750739046e-7
0;0.08;0.81;9.1249982;9.1250000;-1.82939102266744e-6
0;0.08;0.82;9.2499995;9.2500000;-5.13840133109511e-7
0;0.08;0.83;9.3749979;9.3750000;-2.07534639606877e-6
0;0.08;0.84;9.4999996;9.5000000;-4.25118530600344e-7
0;0.08;0.85;9.6249995;9.6250000;-4.75758886508970e-7
0;0.08;0.86;9.7499984;9.7500000;-1.59379461983633e-6
0;0.08;0.87;9.8749993;9.8750000;-7.21073824649920e-7
0;0.08;0.88;9.9999986;10.000000;-1.41837729650263e-6
0;0.08;0.89;10.124998;10.125000;-1.81332202764395e-6
0;0.08;0.9;10.250000;10.250000;-3.75773307581539e-7
0;0.08;0.91;10.374998;10.375000;-1.59729072635173e-6
0;0.08;0.92;10.500000;10.500000;1.17217702211292e-9
0;0.08;0.93;10.675652;10.675652;-8.16313949769665e-8
0;0.08;0.94;11.007270;11.007272;-1.30907299400462e-6
0;0.08;0.95;11.638183;11.638184;-8.81770587213282e-7
0;0.08;0.96;12.887300;12.887302;-1.55034157955924e-6
0;0.08;0.97;15.582567;15.582569;-1.31530440938832e-6
0;0.08;0.98;22.499997;22.500000;-3.00271077691150e-6
0;0.08;0.99;45.499992;45.500000;-7.85507822342879e-6
0;0.09;0.1;0.11111113;0.11111111;1.45364105891277e-8
0;0.09;0.11;0.22222230;0.22222222;7.77977255950191e-8
0;0.09;0.12;0.33333336;0.33333333;2.58595754809576e-8
0;0.09;0.13;0.44444451;0.44444444;6.72398176582156e-8
0;0.09;0.14;0.55555553;0.55555556;-3.05855438753611e-8
0;0.09;0.15;0.66666662;0.66666667;-4.64329665827989e-8
0;0.09;0.16;0.77777775;0.77777778;-2.66601570819702e-8
0;0.09;0.17;0.88888890;0.88888889;1.48559694546080e-8
0;0.09;0.18;0.99999997;1.0000000;-2.97041981012214e-8
0;0.09;0.19;1.1111111;1.1111111;9.72666236442876e-9
0;0.09;0.2;1.2222222;1.2222222;-5.75254563983663e-8
0;0.09;0.21;1.3333334;1.3333333;1.92872884330342e-8
0;0.09;0.22;1.4444444;1.4444444;-5.93405440341144e-8
0;0.09;0.23;1.5555554;1.5555556;-1.08330562298420e-7
0;0.09;0.24;1.6666666;1.6666667;-9.34247064154903e-8
0;0.09;0.25;1.7777779;1.7777778;9.85435886224906e-8
0;0.09;0.26;1.8888889;1.8888889;-2.74136788824819e-8
0;0.09;0.27;1.9999998;2.0000000;-1.82999314368715e-7
0;0.09;0.28;2.1111109;2.1111111;-1.97436067495005e-7
0;0.09;0.29;2.2222223;2.2222222;4.02869386739724e-8
0;0.09;0.3;2.3333331;2.3333333;-2.58288726406875e-7
0;0.09;0.31;2.4444442;2.4444444;-2.19653081501292e-7
0;0.09;0.32;2.5555554;2.5555556;-1.26455032223305e-7
0;0.09;0.33;2.6666663;2.6666667;-3.20859412372698e-7
0;0.09;0.34;2.7777772;2.7777778;-6.23300580482322e-7
0;0.09;0.35;2.8888888;2.8888889;-1.03821671260107e-7
0;0.09;0.36;3.0000001;3.0000000;7.12793410961865e-8
0;0.09;0.37;3.1111110;3.1111111;-8.90296223410303e-8
0;0.09;0.38;3.2222223;3.2222222;8.48139989351182e-8
0;0.09;0.39;3.3333333;3.3333333;-2.89766379779621e-8
0;0.09;0.4;3.4444443;3.4444444;-9.60374095804184e-8
0;0.09;0.41;3.5555552;3.5555556;-3.40373313978404e-7
0;0.09;0.42;3.6666665;3.6666667;-1.69876844591244e-7
0;0.09;0.43;3.7777774;3.7777778;-4.06360078475387e-7
0;0.09;0.44;3.8888888;3.8888889;-1.32206049219263e-7
0;0.09;0.45;3.9999996;4.0000000;-4.16404117853375e-7
0;0.09;0.46;4.1111108;4.1111111;-2.78985159418710e-7
0;0.09;0.47;4.2222219;4.2222222;-3.37850756260138e-7
0;0.09;0.48;4.3333334;4.3333333;6.16828170763029e-8
0;0.09;0.49;4.4444439;4.4444444;-5.57758139230202e-7
0;0.09;0.5;4.5555553;4.5555556;-2.96458705584257e-7
0;0.09;0.51;4.6666661;4.6666667;-5.22954534787345e-7
0;0.09;0.52;4.7777775;4.7777778;-2.60494819492862e-7
0;0.09;0.53;4.8888888;4.8888889;-1.16850195297502e-7
0;0.09;0.54;4.9999998;5.0000000;-2.27521312901047e-7
0;0.09;0.55;5.1111103;5.1111111;-7.91923520537807e-7
0;0.09;0.56;5.2222218;5.2222222;-3.93467173509521e-7
0;0.09;0.57;5.3333328;5.3333333;-5.29094142720510e-7
0;0.09;0.58;5.4444431;5.4444444;-1.33599042051458e-6
0;0.09;0.59;5.5555551;5.5555556;-4.81979717470438e-7
0;0.09;0.6;5.6666658;5.6666667;-8.37474262382898e-7
0;0.09;0.61;5.7777776;5.7777778;-1.96640835170570e-7
0;0.09;0.62;5.8888886;5.8888889;-2.84993731725081e-7
0;0.09;0.63;5.9999996;6.0000000;-3.81143233418868e-7
0;0.09;0.64;6.1111108;6.1111111;-3.18123632325751e-7
0;0.09;0.65;6.2222220;6.2222222;-2.33977707431166e-7
0;0.09;0.66;6.3333331;6.3333333;-2.81374227029119e-7
0;0.09;0.67;6.4444441;6.4444444;-3.73338027159775e-7
0;0.09;0.68;6.5555553;6.5555556;-2.27831854715532e-7
0;0.09;0.69;6.6666656;6.6666667;-1.07896160450593e-6
0;0.09;0.7;6.7777770;6.7777778;-7.43218031118431e-7
0;0.09;0.71;6.8888877;6.8888889;-1.15137581335745e-6
0;0.09;0.72;6.9999993;7.0000000;-6.76508491004313e-7
0;0.09;0.73;7.1111097;7.1111111;-1.45234646087289e-6
0;0.09;0.74;7.2222213;7.2222222;-9.53738011233440e-7
0;0.09;0.75;7.3333328;7.3333333;-4.89251714697048e-7
0;0.09;0.76;7.4444440;7.4444444;-4.75478446837485e-7
0;0.09;0.77;7.5555547;7.5555556;-8.56461495502003e-7
0;0.09;0.78;7.6666658;7.6666667;-8.31491076880297e-7
0;0.09;0.79;7.7777768;7.7777778;-9.72350445493930e-7
0;0.09;0.8;7.8888887;7.8888889;-1.80528294535520e-7
0;0.09;0.81;7.9999991;8.0000000;-8.82098624366279e-7
0;0.09;0.82;8.1111106;8.1111111;-5.11897866317668e-7
0;0.09;0.83;8.2222205;8.2222222;-1.77840833259779e-6
0;0.09;0.84;8.3333329;8.3333333;-4.63332110456349e-7
0;0.09;0.85;8.4444430;8.4444444;-1.49331220455906e-6
0;0.09;0.86;8.5555555;8.5555556;-5.36258646377519e-8
0;0.09;0.87;8.6666652;8.6666667;-1.48859237114607e-6
0;0.09;0.88;8.7777769;8.7777778;-8.90553755183987e-7
0;0.09;0.89;8.8888873;8.8888889;-1.53857863161022e-6
0;0.09;0.9;8.9999997;9.0000000;-2.97413048855333e-7
0;0.09;0.91;9.1111110;9.1111111;-1.56957657537760e-7
0;0.09;0.92;9.2561567;9.2561568;-1.02833469739494e-7
0;0.09;0.93;9.5006557;9.5006562;-4.65396061244405e-7
0;0.09;0.94;9.9214852;9.9214858;-6.04713493501663e-7
0;0.09;0.95;10.670863;10.670865;-1.53131757052449e-6
0;0.09;0.96;12.083331;12.083333;-2.67589201818907e-6
0;0.09;0.97;15.017672;15.017673;-1.49261157034175e-6
0;0.09;0.98;22.249996;22.250000;-3.86607070268496e-6
0;0.09;0.99;44.999994;45.000000;-6.21966736957802e-6
0;0.1;0.11;0.10000008;0.10000000;8.46931093451131e-8
0;0.1;0.12;0.20000005;0.20000000;4.65700186191853e-8
0;0.1;0.13;0.30000003;0.30000000;2.70279456593414e-8
0;0.1;0.14;0.40000007;0.40000000;7.04556059605288e-8
0;0.1;0.15;0.49999997;0.50000000;-2.59060304319547e-8
0;0.1;0.16;0.59999998;0.60000000;-1.91934576010411e-8
0;0.1;0.17;0.69999990;0.70000000;-1.03166044373992e-7
0;0.1;0.18;0.80000004;0.80000000;4.45802266213491e-8
0;0.1;0.19;0.90000001;0.90000000;1.10973323863561e-8
0;0.1;0.2;0.99999995;1.0000000;-5.38237313607581e-8
0;0.1;0.21;1.1000001;1.1000000;8.23339734168371e-8
0;0.1;0.22;1.1999999;1.2000000;-1.22582774819691e-7
0;0.1;0.23;1.3000000;1.3000000;2.40718256439010e-8
0;0.1;0.24;1.3999999;1.4000000;-6.78305560608550e-8
0;0.1;0.25;1.4999999;1.5000000;-9.25307037658030e-8
0;0.1;0.26;1.6000001;1.6000000;9.02334491570400e-8
0;0.1;0.27;1.7000000;1.7000000;-1.14743949897189e-8
0;0.1;0.28;1.7999999;1.8000000;-1.18042092545068e-7
0;0.1;0.29;1.9000001;1.9000000;7.07587628490103e-8
0;0.1;0.3;1.9999999;2.0000000;-8.22976329306613e-8
0;0.1;0.31;2.0999999;2.1000000;-1.46765957165229e-7
0;0.1;0.32;2.1999999;2.2000000;-9.71283284911806e-8
0;0.1;0.33;2.3000000;2.3000000;3.77887814373423e-8
0;0.1;0.34;2.4000000;2.4000000;8.68050076263671e-10
0;0.1;0.35;2.4999999;2.5000000;-9.69789217819539e-8
0;0.1;0.36;2.5999997;2.6000000;-2.98510744567437e-7
0;0.1;0.37;2.6999999;2.7000000;-8.82294148851770e-8
0;0.1;0.38;2.8000000;2.8000000;5.07592141651969e-8
0;0.1;0.39;2.8999999;2.9000000;-7.80328708316347e-8
0;0.1;0.4;2.9999997;3.0000000;-2.93582038235485e-7
0;0.1;0.41;3.0999998;3.1000000;-2.35403402992773e-7
0;0.1;0.42;3.2000000;3.2000000;-1.16379514913945e-8
0;0.1;0.43;3.2999997;3.3000000;-3.20844522949670e-7
0;0.1;0.44;3.3999998;3.4000000;-2.28544397185004e-7
0;0.1;0.45;3.4999997;3.5000000;-3.33989178091798e-7
0;0.1;0.46;3.6000000;3.6000000;-1.55371138177429e-9
0;0.1;0.47;3.7000000;3.7000000;4.68261629471556e-8
0;0.1;0.48;3.7999998;3.8000000;-2.05728939661753e-7
0;0.1;0.49;3.8999999;3.9000000;-5.78849039811757e-8
0;0.1;0.5;3.9999997;4.0000000;-3.37526704807800e-7
0;0.1;0.51;4.0999995;4.1000000;-4.87935904125436e-7
0;0.1;0.52;4.1999996;4.2000000;-4.25054659025648e-7
0;0.1;0.53;4.2999995;4.3000000;-5.34918113359595e-7
0;0.1;0.54;4.3999996;4.4000000;-4.09433719816832e-7
0;0.1;0.55;4.4999999;4.5000000;-1.11317448592274e-7
0;0.1;0.56;4.6000000;4.6000000;1.81731039106126e-8
0;0.1;0.57;4.7000000;4.7000000;-5.84321657726150e-9
0;0.1;0.58;4.7999998;4.8000000;-2.18480304958746e-7
0;0.1;0.59;4.8999992;4.9000000;-7.87225851617279e-7
0;0.1;0.6;4.9999988;5.0000000;-1.17420009004832e-6
0;0.1;0.61;5.0999991;5.1000000;-9.04593965067590e-7
0;0.1;0.62;5.1999995;5.2000000;-5.51845735330403e-7
0;0.1;0.63;5.2999999;5.3000000;-1.16541466255171e-7
0;0.1;0.64;5.3999991;5.4000000;-9.33195242858176e-7
0;0.1;0.65;5.4999994;5.5000000;-5.73297644912429e-7
0;0.1;0.66;5.5999994;5.6000000;-5.94018427335641e-7
0;0.1;0.67;5.7000000;5.7000000;-5.99522209654424e-9
0;0.1;0.68;5.7999996;5.8000000;-3.75697286614241e-7
0;0.1;0.69;5.8999998;5.9000000;-1.93581785268293e-7
0;0.1;0.7;5.9999994;6.0000000;-5.76698327314773e-7
0;0.1;0.71;6.1000001;6.1000000;8.51870858298298e-8
0;0.1;0.72;6.2000001;6.2000000;9.52221927974506e-8
0;0.1;0.73;6.2999994;6.3000000;-6.28661450896573e-7
0;0.1;0.74;6.3999990;6.4000000;-1.01041669697821e-6
0;0.1;0.75;6.4999999;6.5000000;-1.06436685243239e-7
0;0.1;0.76;6.5999986;6.6000000;-1.40544718441049e-6
0;0.1;0.77;6.6999995;6.7000000;-5.46701853565423e-7
0;0.1;0.78;6.7999996;6.8000000;-3.74791467194768e-7
0;0.1;0.79;6.9000000;6.9000000;-1.77249601662766e-8
0;0.1;0.8;6.9999989;7.0000000;-1.07294359708021e-6
0;0.1;0.81;7.0999996;7.1000000;-4.38116781964482e-7
0;0.1;0.82;7.1999997;7.2000000;-2.64280092032720e-7
0;0.1;0.83;7.2999993;7.3000000;-7.07792970899845e-7
0;0.1;0.84;7.3999998;7.4000000;-2.18692085773853e-7
0;0.1;0.85;7.4999990;7.5000000;-1.03570441645218e-6
0;0.1;0.86;7.5999993;7.6000000;-6.55558242357301e-7
0;0.1;0.87;7.6999995;7.7000000;-4.63471373279845e-7
0;0.1;0.88;7.7999995;7.8000000;-4.74836832964343e-7
0;0.1;0.89;7.9000000;7.9000000;1.37530751231907e-8
0;0.1;0.9;7.9999999;8.0000000;-1.12480191383213e-7
0;0.1;0.91;8.1237005;8.1237006;-1.25325087196870e-7
0;0.1;0.92;8.3142423;8.3142426;-3.05385658094792e-7
0;0.1;0.93;8.6163457;8.6163479;-2.19015027802527e-6
0;0.1;0.94;9.1112923;9.1112933;-9.84349895816194e-7
0;0.1;0.95;9.9583691;9.9583694;-3.29515181363149e-7
0;0.1;0.96;11.504411;11.504412;-1.24558573944000e-6
0;0.1;0.97;14.632091;14.632092;-8.83420213426689e-7
0;0.1;0.98;21.999997;22.000000;-2.66995665754166e-6
0;0.1;0.99;44.499995;44.500000;-5.34474304458854e-6
0;0.11;0.12;0.090909159;0.090909091;6.79219196164649e-8
0;0.11;0.13;0.18181820;0.18181818;1.46319092397817e-8
0;0.11;0.14;0.27272734;0.27272727;6.60750525960374e-8
0;0.11;0.15;0.36363628;0.36363636;-8.37919101881468e-8
0;0.11;0.16;0.45454544;0.45454545;-1.45237903370621e-8
0;0.11;0.17;0.54545454;0.54545455;-1.00662418400788e-8
0;0.11;0.18;0.63636366;0.63636364;2.22845817354766e-8
0;0.11;0.19;0.72727259;0.72727273;-1.41974319078919e-7
0;0.11;0.2;0.81818178;0.81818182;-3.38941081867716e-8
0;0.11;0.21;0.90909076;0.90909091;-1.53311234707409e-7
0;0.11;0.22;1.0000001;1.0000000;9.70770102082241e-8
0;0.11;0.23;1.0909089;1.0909091;-1.64471978481018e-7
0;0.11;0.24;1.1818182;1.1818182;5.32166100075671e-8
0;0.11;0.25;1.2727273;1.2727273;5.44574174643486e-8
0;0.11;0.26;1.3636363;1.3636364;-5.15790921085113e-8
0;0.11;0.27;1.4545453;1.4545455;-1.47828262520022e-7
0;0.11;0.28;1.5454545;1.5454545;-1.95098555089146e-8
0;0.11;0.29;1.6363636;1.6363636;-1.06826281154326e-8
0;0.11;0.3;1.7272726;1.7272727;-1.06414089096063e-7
0;0.11;0.31;1.8181818;1.8181818;-1.64580808981185e-8
0;0.11;0.32;1.9090907;1.9090909;-1.77621465313749e-7
0;0.11;0.33;2.0000000;2.0000000;-2.69447970602243e-8
0;0.11;0.34;2.0909087;2.0909091;-3.51629906081286e-7
0;0.11;0.35;2.1818181;2.1818182;-7.06939675687579e-8
0;0.11;0.36;2.2727272;2.2727273;-1.07795276704792e-7
0;0.11;0.37;2.3636360;2.3636364;-3.72687340544076e-7
0;0.11;0.38;2.4545451;2.4545455;-3.10235397371628e-7
0;0.11;0.39;2.5454544;2.5454545;-1.55309654914504e-7
0;0.11;0.4;2.6363636;2.6363636;-7.25393634048999e-8
0;0.11;0.41;2.7272726;2.7272727;-1.33643105026948e-7
0;0.11;0.42;2.8181815;2.8181818;-3.50493794432083e-7
0;0.11;0.43;2.9090907;2.9090909;-2.45690998657011e-7
0;0.11;0.44;3.0000000;3.0000000;-2.55622349953910e-8
0;0.11;0.45;3.0909090;3.0909091;-5.08640760621404e-8
0;0.11;0.46;3.1818181;3.1818182;-5.75685641379664e-8
0;0.11;0.47;3.2727268;3.2727273;-4.46074793103435e-7
0;0.11;0.48;3.3636363;3.3636364;-2.96101769770019e-8
0;0.11;0.49;3.4545454;3.4545455;-7.74929702629379e-8
0;0.11;0.5;3.5454541;3.5454545;-4.20075340290538e-7
0;0.11;0.51;3.6363637;3.6363636;6.77600815457424e-8
0;0.11;0.52;3.7272722;3.7272727;-5.43347975501263e-7
0;0.11;0.53;3.8181813;3.8181818;-5.21386823049141e-7
0;0.11;0.54;3.9090910;3.9090909;5.22804692870693e-8
0;0.11;0.55;3.9999997;4.0000000;-2.73484154877934e-7
0;0.11;0.56;4.0909083;4.0909091;-7.84515343354997e-7
0;0.11;0.57;4.1818181;4.1818182;-1.24010287372300e-7
0;0.11;0.58;4.2727269;4.2727273;-3.45245707578101e-7
0;0.11;0.59;4.3636359;4.3636364;-4.18118633049858e-7
0;0.11;0.6;4.4545447;4.4545455;-7.96983235851201e-7
0;0.11;0.61;4.5454542;4.5454545;-3.89394157807033e-7
0;0.11;0.62;4.6363631;4.6363636;-5.19918727626134e-7
0;0.11;0.63;4.7272721;4.7272727;-6.34515226138888e-7
0;0.11;0.64;4.8181813;4.8181818;-4.78218725952217e-7
0;0.11;0.65;4.9090898;4.9090909;-1.06501572716411e-6
0;0.11;0.66;4.9999996;5.0000000;-4.33622560969127e-7
0;0.11;0.67;5.0909086;5.0909091;-4.85012306761234e-7
0;0.11;0.68;5.1818179;5.1818182;-2.83078502860690e-7
0;0.11;0.69;5.2727267;5.2727273;-5.70585511283639e-7
0;0.11;0.7;5.3636360;5.3636364;-3.68613480183910e-7
0;0.11;0.71;5.4545452;5.4545455;-2.25667712072664e-7
0;0.11;0.72;5.5454537;5.5454545;-8.83291739306458e-7
0;0.11;0.73;5.6363636;5.6363636;-7.35996330547550e-9
0;0.11;0.74;5.7272723;5.7272727;-3.84483979765093e-7
0;0.11;0.75;5.8181810;5.8181818;-8.56497111456633e-7
0;0.11;0.76;5.9090905;5.9090909;-4.36540158688103e-7
0;0.11;0.77;5.9999991;6.0000000;-9.15494967834718e-7
0;0.11;0.78;6.0909089;6.0909091;-2.03189581604590e-7
0;0.11;0.79;6.1818182;6.1818182;1.38722269227287e-8
0;0.11;0.8;6.2727266;6.2727273;-6.26758285271478e-7
0;0.11;0.81;6.3636355;6.3636364;-8.91173503880793e-7
0;0.11;0.82;6.4545452;6.4545455;-2.60005033503319e-7
0;0.11;0.83;6.5454537;6.5454545;-8.74919437343635e-7
0;0.11;0.84;6.6363629;6.6363636;-7.00383249174763e-7
0;0.11;0.85;6.7272727;6.7272727;-7.06873892752924e-8
0;0.11;0.86;6.8181809;6.8181818;-9.45870952229200e-7
0;0.11;0.87;6.9090909;6.9090909;-2.90343908915247e-8
0;0.11;0.88;6.9999997;7.0000000;-3.19748592048086e-7
0;0.11;0.89;7.0909091;7.0909091;1.72427245814788e-8
0;0.11;0.9;7.1989267;7.1989275;-7.25308858307017e-7
0;0.11;0.91;7.3537373;7.3537384;-1.03978865162446e-6
0;0.11;0.92;7.5830141;7.5830147;-5.62254929725725e-7
0;0.11;0.93;7.9338417;7.9338421;-4.23410472016883e-7
0;0.11;0.94;8.4910547;8.4910549;-2.47723733082239e-7
0;0.11;0.95;9.4196103;9.4196119;-1.63618685711242e-6
0;0.11;0.96;11.076081;11.076081;-4.79204416592438e-7
0;0.11;0.97;14.361670;14.361673;-3.51606703219431e-6
0;0.11;0.98;21.749998;21.750000;-2.35467584985827e-6
0;0.11;0.99;43.999994;44.000000;-5.92615192829271e-6
0;0.12;0.13;0.083333467;0.083333333;1.33878743660554e-7
0;0.12;0.14;0.16666670;0.16666667;2.97830083928474e-8
0;0.12;0.15;0.25000003;0.25000000;3.48952577389205e-8
0;0.12;0.16;0.33333334;0.33333333;2.13524015135746e-9
0;0.12;0.17;0.41666667;0.41666667;-1.29187938124886e-9
0;0.12;0.18;0.50000005;0.50000000;5.30443401425273e-8
0;0.12;0.19;0.58333331;0.58333333;-2.65127956255995e-8
0;0.12;0.2;0.66666665;0.66666667;-2.09603805423342e-8
0;0.12;0.21;0.74999997;0.75000000;-2.59448746930957e-8
0;0.12;0.22;0.83333345;0.83333333;1.20962707739203e-7
0;0.12;0.23;0.91666661;0.91666667;-5.29915485936172e-8
0;0.12;0.24;0.99999995;1.0000000;-4.63408561524048e-8
0;0.12;0.25;1.0833333;1.0833333;-4.88497109429886e-9
0;0.12;0.26;1.1666666;1.1666667;-7.54717548456796e-8
0;0.12;0.27;1.2499999;1.2500000;-5.78224010894246e-8
0;0.12;0.28;1.3333332;1.3333333;-1.14359746117287e-7
0;0.12;0.29;1.4166666;1.4166667;-6.23190663517903e-8
0;0.12;0.3;1.4999999;1.5000000;-1.32464191615611e-7
0;0.12;0.31;1.5833332;1.5833333;-9.92597013471652e-8
0;0.12;0.32;1.6666664;1.6666667;-2.35930833758502e-7
0;0.12;0.33;1.7499997;1.7500000;-2.78994279012679e-7
0;0.12;0.34;1.8333333;1.8333333;-8.24542889521496e-8
0;0.12;0.35;1.9166665;1.9166667;-1.60756483014168e-7
0;0.12;0.36;1.9999999;2.0000000;-1.33799073820384e-7
0;0.12;0.37;2.0833332;2.0833333;-1.45095879755530e-7
0;0.12;0.38;2.1666667;2.1666667;5.87000017482353e-8
0;0.12;0.39;2.2500000;2.2500000;-2.99482576515686e-8
0;0.12;0.4;2.3333330;2.3333333;-3.11291052046414e-7
0;0.12;0.41;2.4166666;2.4166667;-4.21881698464688e-8
0;0.12;0.42;2.5000001;2.5000000;8.79712720447401e-8
0;0.12;0.43;2.5833333;2.5833333;-1.09762874345165e-8
0;0.12;0.44;2.6666666;2.6666667;-9.44456841622809e-8
0;0.12;0.45;2.7499998;2.7500000;-2.03350303706884e-7
0;0.12;0.46;2.8333333;2.8333333;-1.18869936116539e-9
0;0.12;0.47;2.9166665;2.9166667;-1.30340313653221e-7
0;0.12;0.48;3.0000000;3.0000000;1.45580250077160e-8
0;0.12;0.49;3.0833332;3.0833333;-1.50039861868123e-7
0;0.12;0.5;3.1666663;3.1666667;-3.69270456879178e-7
0;0.12;0.51;3.2500001;3.2500000;7.99833026476904e-8
0;0.12;0.52;3.3333328;3.3333333;-5.53858512830629e-7
0;0.12;0.53;3.4166666;3.4166667;-8.93037652716089e-8
0;0.12;0.54;3.4999998;3.5000000;-2.49229856752464e-7
0;0.12;0.55;3.5833325;3.5833333;-8.48714785561810e-7
0;0.12;0.56;3.6666663;3.6666667;-3.35723756350603e-7
0;0.12;0.57;3.7499998;3.7500000;-1.64455827622589e-7
0;0.12;0.58;3.8333334;3.8333333;3.02849638700309e-8
0;0.12;0.59;3.9166665;3.9166667;-1.42864641894391e-7
0;0.12;0.6;3.9999999;4.0000000;-5.06404118638670e-8
0;0.12;0.61;4.0833330;4.0833333;-2.95010316619937e-7
0;0.12;0.62;4.1666664;4.1666667;-2.17122220647070e-7
0;0.12;0.63;4.2499997;4.2500000;-2.73103518466655e-7
0;0.12;0.64;4.3333333;4.3333333;-1.14968647935143e-8
0;0.12;0.65;4.4166660;4.4166667;-6.26399079273199e-7
0;0.12;0.66;4.4999997;4.5000000;-2.60620450553972e-7
0;0.12;0.67;4.5833331;4.5833333;-2.30363055742089e-7
0;0.12;0.68;4.6666661;4.6666667;-5.63040440049178e-7
0;0.12;0.69;4.7499994;4.7500000;-6.40521788497495e-7
0;0.12;0.7;4.8333329;4.8333333;-4.43624539769871e-7
0;0.12;0.71;4.9166663;4.9166667;-3.50809573390620e-7
0;0.12;0.72;4.9999995;5.0000000;-4.58337445330415e-7
0;0.12;0.73;5.0833324;5.0833333;-9.73358031508553e-7
0;0.12;0.74;5.1666662;5.1666667;-4.67494810862945e-7
0;0.12;0.75;5.2499997;5.2500000;-3.45631601561536e-7
0;0.12;0.76;5.3333332;5.3333333;-1.16903806635094e-7
0;0.12;0.77;5.4166662;5.4166667;-5.04063591755255e-7
0;0.12;0.78;5.4999997;5.5000000;-3.31136702058643e-7
0;0.12;0.79;5.5833330;5.5833333;-3.46630809389126e-7
0;0.12;0.8;5.6666662;5.6666667;-4.97778727570619e-7
0;0.12;0.81;5.7499998;5.7500000;-2.44798678217251e-7
0;0.12;0.82;5.8333329;5.8333333;-4.02390312181922e-7
0;0.12;0.83;5.9166664;5.9166667;-3.00245543094491e-7
0;0.12;0.84;5.9999995;6.0000000;-5.40239407875731e-7
0;0.12;0.85;6.0833334;6.0833333;1.14605699153003e-7
0;0.12;0.86;6.1666658;6.1666667;-8.59367656147469e-7
0;0.12;0.87;6.2499995;6.2500000;-5.37158652669234e-7
0;0.12;0.88;6.3333334;6.3333333;3.05383709431339e-8
0;0.12;0.89;6.4293533;6.4293538;-5.47574503961812e-7
0;0.12;0.9;6.5592133;6.5592135;-2.56236043050251e-7
0;0.12;0.91;6.7408868;6.7408874;-5.54362394211694e-7
0;0.12;0.92;7.0034010;7.0034017;-7.44338407798750e-7
0;0.12;0.93;7.3957790;7.3957795;-4.46019248201424e-7
0;0.12;0.94;8.0057468;8.0057480;-1.18294728324031e-6
0;0.12;0.95;9.0028248;9.0028255;-7.18511230957120e-7
0;0.12;0.96;10.751287;10.751289;-1.23818237973694e-6
0;0.12;0.97;14.166666;14.166667;-5.10635254968861e-7
0;0.12;0.98;21.499998;21.500000;-2.23195897675055e-6
0;0.12;0.99;43.499993;43.500000;-7.06379049120187e-6
0;0.13;0.14;0.076923139;0.076923077;6.23859599535592e-8
0;0.13;0.15;0.15384621;0.15384615;5.76526059115068e-8
0;0.13;0.16;0.23076926;0.23076923;2.95350507106829e-8
0;0.13;0.17;0.30769234;0.30769231;3.09898091077621e-8
0;0.13;0.18;0.38461544;0.38461538;5.30657051633909e-8
0;0.13;0.19;0.46153848;0.46153846;1.50021025602243e-8
0;0.13;0.2;0.53846151;0.53846154;-2.53861428545221e-8
0;0.13;0.21;0.61538463;0.61538462;1.50932542020144e-8
0;0.13;0.22;0.69230765;0.69230769;-4.14467913323335e-8
0;0.13;0.23;0.76923078;0.76923077;7.22937687491765e-9
0;0.13;0.24;0.84615384;0.84615385;-8.82302986227046e-9
0;0.13;0.25;0.92307684;0.92307692;-8.39552494191764e-8
0;0.13;0.26;0.99999994;1.0000000;-6.03294205703264e-8
0;0.13;0.27;1.0769230;1.0769231;-5.93005482496523e-8
0;0.13;0.28;1.1538460;1.1538462;-1.03879383539507e-7
0;0.13;0.29;1.2307693;1.2307692;1.88722681926379e-8
0;0.13;0.3;1.3076922;1.3076923;-1.19692785904846e-7
0;0.13;0.31;1.3846152;1.3846154;-1.36684284113286e-7
0;0.13;0.32;1.4615383;1.4615385;-1.83770897610458e-7
0;0.13;0.33;1.5384614;1.5384615;-1.50691372269307e-7
0;0.13;0.34;1.6153845;1.6153846;-9.70735760663644e-8
0;0.13;0.35;1.6923078;1.6923077;7.44323005452685e-8
0;0.13;0.36;1.7692306;1.7692308;-1.48772205443848e-7
0;0.13;0.37;1.8461537;1.8461538;-1.02666244616856e-7
0;0.13;0.38;1.9230768;1.9230769;-1.69996458021515e-7
0;0.13;0.39;1.9999998;2.0000000;-2.43072900252272e-7
0;0.13;0.4;2.0769231;2.0769231;3.80612719119711e-8
0;0.13;0.41;2.1538459;2.1538462;-2.47088513649629e-7
0;0.13;0.42;2.2307691;2.2307692;-1.73691294680367e-7
0;0.13;0.43;2.3076920;2.3076923;-2.82417892183418e-7
0;0.13;0.44;2.3846152;2.3846154;-2.10569498282354e-7
0;0.13;0.45;2.4615385;2.4615385;5.72934295561822e-8
0;0.13;0.46;2.5384615;2.5384615;-8.47568433215429e-8
0;0.13;0.47;2.6153845;2.6153846;-1.49555428929915e-7
0;0.13;0.48;2.6923076;2.6923077;-1.28848110403368e-7
0;0.13;0.49;2.7692305;2.7692308;-2.91982138467262e-7
0;0.13;0.5;2.8461538;2.8461538;-5.91201927413465e-8
0;0.13;0.51;2.9230767;2.9230769;-1.82627691636128e-7
0;0.13;0.52;2.9999997;3.0000000;-3.17801689408981e-7
0;0.13;0.53;3.0769230;3.0769231;-1.17735324600687e-7
0;0.13;0.54;3.1538462;3.1538462;2.14932125430778e-8
0;0.13;0.55;3.2307690;3.2307692;-2.12559965628856e-7
0;0.13;0.56;3.3076922;3.3076923;-1.45709979637587e-7
0;0.13;0.57;3.3846153;3.3846154;-5.42836269268321e-8
0;0.13;0.58;3.4615382;3.4615385;-2.43949711986602e-7
0;0.13;0.59;3.5384616;3.5384615;8.72790026917869e-8
0;0.13;0.6;3.6153846;3.6153846;-3.73226551886319e-8
0;0.13;0.61;3.6923072;3.6923077;-5.20714601215388e-7
0;0.13;0.62;3.7692306;3.7692308;-2.11921522996761e-7
0;0.13;0.63;3.8461537;3.8461538;-1.45283250763129e-7
0;0.13;0.64;3.9230769;3.9230769;-5.37366839914455e-8
0;0.13;0.65;3.9999995;4.0000000;-4.56072954513331e-7
0;0.13;0.66;4.0769229;4.0769231;-1.66720857563973e-7
0;0.13;0.67;4.1538457;4.1538462;-4.45880676380739e-7
0;0.13;0.68;4.2307688;4.2307692;-4.35026439760122e-7
0;0.13;0.69;4.3076920;4.3076923;-3.02734095569690e-7
0;0.13;0.7;4.3846150;4.3846154;-4.04630425165919e-7
0;0.13;0.71;4.4615382;4.4615385;-3.08015229322223e-7
0;0.13;0.72;4.5384613;4.5384615;-2.52903824993211e-7
0;0.13;0.73;4.6153844;4.6153846;-1.78052771637738e-7
0;0.13;0.74;4.6923075;4.6923077;-2.07466269053214e-7
0;0.13;0.75;4.7692303;4.7692308;-4.53193609750713e-7
0;0.13;0.76;4.8461531;4.8461538;-7.11413314924414e-7
0;0.13;0.77;4.9230762;4.9230769;-6.97390621695604e-7
0;0.13;0.78;4.9999994;5.0000000;-5.54612411995947e-7
0;0.13;0.79;5.0769229;5.0769231;-1.97419319114545e-7
0;0.13;0.8;5.1538458;5.1538462;-3.86180942335557e-7
0;0.13;0.81;5.2307684;5.2307692;-8.06133966690936e-7
0;0.13;0.82;5.3076919;5.3076923;-4.04627218841824e-7
0;0.13;0.83;5.3846142;5.3846154;-1.13732335105254e-6
0;0.13;0.84;5.4615382;5.4615385;-2.42199426736533e-7
0;0.13;0.85;5.5384608;5.5384615;-7.38154434465343e-7
0;0.13;0.86;5.6153839;5.6153846;-7.60808744892927e-7
0;0.13;0.87;5.6923078;5.6923077;6.15370323586717e-8
0;0.13;0.88;5.7788496;5.7788500;-4.27420474125029e-7
0;0.13;0.89;5.8905197;5.8905201;-3.25936476031075e-7
0;0.13;0.9;6.0394603;6.0394603;-8.53752490925785e-8
0;0.13;0.91;6.2444608;6.2444616;-7.56149830749564e-7
0;0.13;0.92;6.5356712;6.5356715;-2.73382463333860e-7
0;0.13;0.93;6.9637054;6.9637064;-9.38517302984110e-7
0;0.13;0.94;7.6186497;7.6186505;-7.85834881611436e-7
0;0.13;0.95;8.6736868;8.6736881;-1.35246069810080e-6
0;0.13;0.96;10.499171;10.499173;-1.14401847284284e-6
0;0.13;0.97;13.999999;14.000000;-7.63311350127083e-7
0;0.13;0.98;21.249998;21.250000;-1.63679895237578e-6
0;0.13;0.99;42.999993;43.000000;-7.17958759821613e-6
0;0.14;0.15;0.071428635;0.071428571;6.32202374339919e-8
0;0.14;0.16;0.14285726;0.14285714;1.20564504879628e-7
0;0.14;0.17;0.21428583;0.21428571;1.18390168946103e-7
0;0.14;0.18;0.28571430;0.28571429;1.89339284806245e-8
0;0.14;0.19;0.35714284;0.35714286;-1.34120164974050e-8
0;0.14;0.2;0.42857139;0.42857143;-3.89245445875375e-8
0;0.14;0.21;0.50000009;0.50000000;8.97525515020092e-8
0;0.14;0.22;0.57142857;0.57142857;-1.83835269229604e-9
0;0.14;0.23;0.64285711;0.64285714;-3.35458379963072e-8
0;0.14;0.24;0.71428571;0.71428571;-7.26393423189364e-9
0;0.14;0.25;0.78571426;0.78571429;-2.13306783347633e-8
0;0.14;0.26;0.85714269;0.85714286;-1.67530161743201e-7
0;0.14;0.27;0.92857125;0.92857143;-1.75235952193376e-7
0;0.14;0.28;1.0000001;1.0000000;1.05585862719693e-7
0;0.14;0.29;1.0714285;1.0714286;-1.02990053152396e-7
0;0.14;0.3;1.1428572;1.1428571;1.37978739545019e-8
0;0.14;0.31;1.2142856;1.2142857;-1.12011123265532e-7
0;0.14;0.32;1.2857143;1.2857143;3.37858918619816e-9
0;0.14;0.33;1.3571429;1.3571429;3.29908480534158e-8
0;0.14;0.34;1.4285715;1.4285714;7.57558713537776e-8
0;0.14;0.35;1.4999999;1.5000000;-1.12343364833123e-7
0;0.14;0.36;1.5714283;1.5714286;-3.02870176716041e-7
0;0.14;0.37;1.6428572;1.6428571;9.44703599792263e-8
0;0.14;0.38;1.7142855;1.7142857;-1.65745181801569e-7
0;0.14;0.39;1.7857143;1.7857143;1.19374499174540e-8
0;0.14;0.4;1.8571427;1.8571429;-1.86693707826535e-7
0;0.14;0.41;1.9285715;1.9285714;2.24520462221989e-8
0;0.14;0.42;2.0000001;2.0000000;7.44580677114470e-8
0;0.14;0.43;2.0714281;2.0714286;-4.84024042624043e-7
0;0.14;0.44;2.1428572;2.1428571;5.82658925551982e-8
0;0.14;0.45;2.2142856;2.2142857;-1.27530681126586e-7
0;0.14;0.46;2.2857143;2.2857143;-3.26044746756793e-9
0;0.14;0.47;2.3571425;2.3571429;-3.67526501676707e-7
0;0.14;0.48;2.4285714;2.4285714;-4.14461607256555e-8
0;0.14;0.49;2.4999997;2.5000000;-2.72484155239283e-7
0;0.14;0.5;2.5714283;2.5714286;-2.27777692263231e-7
0;0.14;0.51;2.6428570;2.6428571;-1.70439890645468e-7
0;0.14;0.52;2.7142856;2.7142857;-1.50222769779162e-7
0;0.14;0.53;2.7857141;2.7857143;-1.41349244309197e-7
0;0.14;0.54;2.8571424;2.8571429;-4.14127184100721e-7
0;0.14;0.55;2.9285713;2.9285714;-1.78659199878695e-7
0;0.14;0.56;2.9999994;3.0000000;-5.85695985932944e-7
0;0.14;0.57;3.0714282;3.0714286;-3.33384615469612e-7
0;0.14;0.58;3.1428569;3.1428571;-2.52553046031778e-7
0;0.14;0.59;3.2142855;3.2142857;-2.41635597308942e-7
0;0.14;0.6;3.2857140;3.2857143;-2.72781803811739e-7
0;0.14;0.61;3.3571424;3.3571429;-4.79826898658331e-7
0;0.14;0.62;3.4285713;3.4285714;-1.19940170240085e-7
0;0.14;0.63;3.4999993;3.5000000;-6.86804987548584e-7
0;0.14;0.64;3.5714282;3.5714286;-3.60255716813640e-7
0;0.14;0.65;3.6428570;3.6428571;-1.48576084324503e-7
0;0.14;0.66;3.7142856;3.7142857;-1.58536106908969e-7
0;0.14;0.67;3.7857141;3.7857143;-2.01365681906651e-7
0;0.14;0.68;3.8571424;3.8571429;-5.07204896749158e-7
0;0.14;0.69;3.9285713;3.9285714;-1.54830666954098e-7
0;0.14;0.7;3.9999997;4.0000000;-2.85256493093300e-7
0;0.14;0.71;4.0714282;4.0714286;-4.01375420011618e-7
0;0.14;0.72;4.1428572;4.1428571;1.01750299741354e-7
0;0.14;0.73;4.2142855;4.2142857;-2.06163202065568e-7
0;0.14;0.74;4.2857132;4.2857143;-1.08387065989035e-6
0;0.14;0.75;4.3571425;4.3571429;-3.54233314681096e-7
0;0.14;0.76;4.4285713;4.4285714;-1.42374639189313e-7
0;0.14;0.77;4.4999997;4.5000000;-2.84305988529354e-7
0;0.14;0.78;4.5714283;4.5714286;-2.59336607300042e-7
0;0.14;0.79;4.6428568;4.6428571;-3.08923253200533e-7
0;0.14;0.8;4.7142852;4.7142857;-5.02875508345824e-7
0;0.14;0.81;4.7857138;4.7857143;-4.86433807900255e-7
0;0.14;0.82;4.8571428;4.8571429;-8.58426147942737e-8
0;0.14;0.83;4.9285711;4.9285714;-2.82015706787320e-7
0;0.14;0.84;4.9999998;5.0000000;-2.15515283841228e-7
0;0.14;0.85;5.0714284;5.0714286;-1.25342966228459e-7
0;0.14;0.86;5.1428572;5.1428571;7.27859648108620e-8
0;0.14;0.87;5.2217160;5.2217160;-3.49122464271545e-8
0;0.14;0.88;5.3196471;5.3196473;-2.37386411860996e-7
0;0.14;0.89;5.4451225;5.4451231;-5.22258424062727e-7
0;0.14;0.9;5.6107980;5.6107982;-1.97230384912928e-7
0;0.14;0.91;5.8361447;5.8361451;-4.66220505757065e-7
0;0.14;0.92;6.1522420;6.1522427;-7.06895532331941e-7
0;0.14;0.93;6.6110174;6.6110184;-9.84866995956679e-7
0;0.14;0.94;7.3044729;7.3044735;-6.75522311865961e-7
0;0.14;0.95;8.4087242;8.4087251;-9.07539986272354e-7
0;0.14;0.96;10.298863;10.298864;-1.14433348663567e-6
0;0.14;0.97;13.833332;13.833333;-1.20472531683902e-6
0;0.14;0.98;20.999998;21.000000;-2.36655957763787e-6
0;0.14;0.99;42.499991;42.500000;-8.82425082693317e-6
0;0.15;0.16;0.066666712;0.066666667;4.53019125545850e-8
0;0.15;0.17;0.13333341;0.13333333;7.96497831856424e-8
0;0.15;0.18;0.20000008;0.20000000;8.32120074234499e-8
0;0.15;0.19;0.26666672;0.26666667;5.75482987374976e-8
0;0.15;0.2;0.33333335;0.33333333;1.56196467426817e-8
0;0.15;0.21;0.40000001;0.40000000;9.44541173053537e-9
0;0.15;0.22;0.46666666;0.46666667;-4.32520469439979e-9
0;0.15;0.23;0.53333331;0.53333333;-2.42949240725210e-8
0;0.15;0.24;0.59999998;0.60000000;-2.49543076202841e-8
0;0.15;0.25;0.66666671;0.66666667;3.92077442734617e-8
0;0.15;0.26;0.73333337;0.73333333;3.38000935018457e-8
0;0.15;0.27;0.80000006;0.80000000;5.78697371134140e-8
0;0.15;0.28;0.86666666;0.86666667;-6.39090913523432e-9
0;0.15;0.29;0.93333331;0.93333333;-2.36667843100946e-8
0;0.15;0.3;0.99999999;1.0000000;-6.25255491826238e-9
0;0.15;0.31;1.0666665;1.0666667;-1.54799322027444e-7
0;0.15;0.32;1.1333333;1.1333333;-8.09472244789333e-8
0;0.15;0.33;1.2000000;1.2000000;-7.25469706530646e-9
0;0.15;0.34;1.2666667;1.2666667;5.29382537806100e-9
0;0.15;0.35;1.3333333;1.3333333;-7.06470917322122e-8
0;0.15;0.36;1.3999999;1.4000000;-1.30296381684047e-7
0;0.15;0.37;1.4666665;1.4666667;-1.48338387573332e-7
0;0.15;0.38;1.5333331;1.5333333;-2.45973944323907e-7
0;0.15;0.39;1.6000001;1.6000000;1.27148485740136e-7
0;0.15;0.4;1.6666665;1.6666667;-1.45554687636107e-7
0;0.15;0.41;1.7333332;1.7333333;-1.05385717930062e-7
0;0.15;0.42;1.7999999;1.8000000;-5.54129928609370e-8
0;0.15;0.43;1.8666666;1.8666667;-5.92579345592981e-8
0;0.15;0.44;1.9333331;1.9333333;-2.09027316566690e-7
0;0.15;0.45;2.0000000;2.0000000;-4.72939194473554e-8
0;0.15;0.46;2.0666666;2.0666667;-4.20989860749899e-8
0;0.15;0.47;2.1333331;2.1333333;-2.23954271572069e-7
0;0.15;0.48;2.1999998;2.2000000;-1.97093148912586e-7
0;0.15;0.49;2.2666665;2.2666667;-1.66217295483051e-7
0;0.15;0.5;2.3333333;2.3333333;-5.66119155998024e-8
0;0.15;0.51;2.4000000;2.4000000;2.58668335639811e-8
0;0.15;0.52;2.4666665;2.4666667;-1.29169935192408e-7
0;0.15;0.53;2.5333332;2.5333333;-1.07650516500968e-7
0;0.15;0.54;2.5999997;2.6000000;-2.74691460688814e-7
0;0.15;0.55;2.6666665;2.6666667;-2.11929715554504e-7
0;0.15;0.56;2.7333331;2.7333333;-2.66878512178437e-7
0;0.15;0.57;2.8000000;2.8000000;-3.44922486128496e-8
0;0.15;0.58;2.8666663;2.8666667;-4.05671202408087e-7
0;0.15;0.59;2.9333331;2.9333333;-2.56255369812664e-7
0;0.15;0.6;2.9999999;3.0000000;-6.17732420771233e-8
0;0.15;0.61;3.0666665;3.0666667;-1.78167010478347e-7
0;0.15;0.62;3.1333332;3.1333333;-1.70046357439446e-7
0;0.15;0.63;3.1999997;3.2000000;-3.07259163001561e-7
0;0.15;0.64;3.2666665;3.2666667;-1.53565076654871e-7
0;0.15;0.65;3.3333332;3.3333333;-9.35554713699105e-8
0;0.15;0.66;3.4000000;3.4000000;-1.31627473365370e-8
0;0.15;0.67;3.4666666;3.4666667;-6.19055304795779e-8
0;0.15;0.68;3.5333330;3.5333333;-3.42790530627468e-7
0;0.15;0.69;3.5999998;3.6000000;-2.44344713795641e-7
0;0.15;0.7;3.6666658;3.6666667;-8.46485121552831e-7
0;0.15;0.71;3.7333330;3.7333333;-3.49556926515504e-7
0;0.15;0.72;3.7999995;3.8000000;-5.38405771521866e-7
0;0.15;0.73;3.8666664;3.8666667;-2.74282177414875e-7
0;0.15;0.74;3.9333331;3.9333333;-2.72150891600376e-7
0;0.15;0.75;3.9999999;4.0000000;-8.43709568876250e-8
0;0.15;0.76;4.0666664;4.0666667;-2.66633292334006e-7
0;0.15;0.77;4.1333326;4.1333333;-7.41968479545108e-7
0;0.15;0.78;4.1999996;4.2000000;-4.12245005243506e-7
0;0.15;0.79;4.2666662;4.2666667;-4.37169487277345e-7
0;0.15;0.8;4.3333327;4.3333333;-6.44278577155433e-7
0;0.15;0.81;4.3999995;4.4000000;-5.46539583368144e-7
0;0.15;0.82;4.4666663;4.4666667;-3.34610413155190e-7
0;0.15;0.83;4.5333330;4.5333333;-3.42472153747053e-7
0;0.15;0.84;4.5999998;4.6000000;-2.25677283083314e-7
0;0.15;0.85;4.6666666;4.6666667;-6.88122145930947e-8
0;0.15;0.86;4.7391641;4.7391643;-1.92414880473279e-7
0;0.15;0.87;4.8264073;4.8264074;-5.98158056419607e-8
0;0.15;0.88;4.9344689;4.9344692;-2.44200883514623e-7
0;0.15;0.89;5.0721544;5.0721550;-5.69873431999213e-7
0;0.15;0.9;5.2525511;5.2525513;-2.28248914879714e-7
0;0.15;0.91;5.4957006;5.4957007;-1.37772733665997e-7
0;0.15;0.92;5.8334540;5.8334544;-3.97322004630496e-7
0;0.15;0.93;6.3188158;6.3188160;-2.00129482763600e-7
0;0.15;0.94;7.0453371;7.0453377;-5.96359050142325e-7
0;0.15;0.95;8.1914572;8.1914580;-8.28837332988996e-7
0;0.15;0.96;10.135889;10.135890;-8.15522547270575e-7
0;0.15;0.97;13.666666;13.666667;-1.09771266920689e-6
0;0.15;0.98;20.749997;20.750000;-3.26722772925336e-6
0;0.15;0.99;41.999993;42.000000;-6.75759574875201e-6
0;0.16;0.17;0.062500092;0.062500000;9.23947700154359e-8
0;0.16;0.18;0.12500009;0.12500000;9.07340181321992e-8
0;0.16;0.19;0.18750000;0.18750000;3.35117547600738e-9
0;0.16;0.2;0.25000006;0.25000000;5.94986767077366e-8
0;0.16;0.21;0.31250003;0.31250000;2.95478024270324e-8
0;0.16;0.22;0.37500007;0.37500000;6.59070354958047e-8
0;0.16;0.23;0.43750006;0.43750000;5.78134414785936e-8
0;0.16;0.24;0.50000005;0.50000000;4.91967875326793e-8
0;0.16;0.25;0.56250004;0.56250000;3.96987990258779e-8
0;0.16;0.26;0.62500004;0.62500000;3.58091729601995e-8
0;0.16;0.27;0.68750007;0.68750000;6.78417909627527e-8
0;0.16;0.28;0.74999998;0.75000000;-2.11387126691776e-8
0;0.16;0.29;0.81250002;0.81250000;1.72584732061054e-8
0;0.16;0.3;0.87499998;0.87500000;-1.64996458718036e-8
0;0.16;0.31;0.93749998;0.93750000;-1.92176669022714e-8
0;0.16;0.32;0.99999989;1.0000000;-1.11356511234284e-7
0;0.16;0.33;1.0625000;1.0625000;4.70404417640680e-8
0;0.16;0.34;1.1250001;1.1250000;7.26638955672598e-8
0;0.16;0.35;1.1875001;1.1875000;6.58638510397935e-8
0;0.16;0.36;1.2499999;1.2500000;-1.13708471971563e-7
0;0.16;0.37;1.3125001;1.3125000;6.03296168577572e-8
0;0.16;0.38;1.3750000;1.3750000;-2.17889897236034e-8
0;0.16;0.39;1.4375001;1.4375000;8.54681017070646e-8
0;0.16;0.4;1.5000000;1.5000000;-4.43799108573728e-8
0;0.16;0.41;1.5625000;1.5625000;-3.99009234541836e-8
0;0.16;0.42;1.6250000;1.6250000;9.68721991512211e-10
0;0.16;0.43;1.6874998;1.6875000;-1.79262817256998e-7
0;0.16;0.44;1.7499998;1.7500000;-1.89654120186233e-7
0;0.16;0.45;1.8124998;1.8125000;-2.14408359289209e-7
0;0.16;0.46;1.8750000;1.8750000;8.30171442700589e-9
0;0.16;0.47;1.9374998;1.9375000;-2.05925986040967e-7
0;0.16;0.48;2.0000001;2.0000000;1.03039335730415e-7
0;0.16;0.49;2.0625001;2.0625000;5.30798516251707e-8
0;0.16;0.5;2.1249999;2.1250000;-8.82595996287705e-8
0;0.16;0.51;2.1874998;2.1875000;-1.94098018546640e-7
0;0.16;0.52;2.2499997;2.2500000;-2.74515832288103e-7
0;0.16;0.53;2.3125001;2.3125000;7.98974784110840e-8
0;0.16;0.54;2.3750000;2.3750000;1.38660540827118e-8
0;0.16;0.55;2.4374998;2.4375000;-2.41205177609061e-7
0;0.16;0.56;2.5000001;2.5000000;6.07712560274365e-8
0;0.16;0.57;2.5624998;2.5625000;-2.28816443570423e-7
0;0.16;0.58;2.6250000;2.6250000;-3.17800705751381e-8
0;0.16;0.59;2.6874998;2.6875000;-2.22372623426281e-7
0;0.16;0.6;2.7499995;2.7500000;-5.35059218709222e-7
0;0.16;0.61;2.8124996;2.8125000;-3.93914162177822e-7
0;0.16;0.62;2.8749999;2.8750000;-5.29400501214639e-8
0;0.16;0.63;2.9374999;2.9375000;-1.37257228249865e-7
0;0.16;0.64;2.9999997;3.0000000;-3.30979077922677e-7
0;0.16;0.65;3.0624995;3.0625000;-5.24006899649265e-7
0;0.16;0.66;3.1249998;3.1250000;-2.09694309027952e-7
0;0.16;0.67;3.1874996;3.1875000;-4.30893851710579e-7
0;0.16;0.68;3.2499995;3.2500000;-4.88798350684050e-7
0;0.16;0.69;3.3124996;3.3125000;-3.53668843544597e-7
0;0.16;0.7;3.3749998;3.3750000;-2.51139300466718e-7
0;0.16;0.71;3.4374997;3.4375000;-3.34535063206687e-7
0;0.16;0.72;3.4999999;3.5000000;-1.07084410672087e-7
0;0.16;0.73;3.5624996;3.5625000;-3.55005050689527e-7
0;0.16;0.74;3.6249999;3.6250000;-7.47986703686365e-8
0;0.16;0.75;3.6874995;3.6875000;-4.90658517371401e-7
0;0.16;0.76;3.7499999;3.7500000;-5.83964738787301e-8
0;0.16;0.77;3.8124996;3.8125000;-4.18822302172828e-7
0;0.16;0.78;3.8749999;3.8750000;-1.33169272942268e-7
0;0.16;0.79;3.9374999;3.9375000;-1.38821618644869e-7
0;0.16;0.8;3.9999994;4.0000000;-6.49744234415550e-7
0;0.16;0.81;4.0624998;4.0625000;-1.88927305799780e-7
0;0.16;0.82;4.1249995;4.1250000;-5.28873673744101e-7
0;0.16;0.83;4.1874995;4.1875000;-5.05282226725967e-7
0;0.16;0.84;4.2500000;4.2500000;-6.72834232773312e-10
0;0.16;0.85;4.3171380;4.3171383;-2.80546207598320e-7
0;0.16;0.86;4.3958564;4.3958565;-1.02909517352145e-7
0;0.16;0.87;4.4906099;4.4906100;-1.23160803333633e-7
0;0.16;0.88;4.6076950;4.6076952;-1.37270538047574e-7
0;0.16;0.89;4.7561990;4.7561996;-5.19115308961204e-7
0;0.16;0.9;4.9495722;4.9495727;-4.60558639225894e-7
0;0.16;0.91;5.2083333;5.2083333;-4.57875355408532e-8
0;0.16;0.92;5.5649708;5.5649712;-3.53602149338883e-7
0;0.16;0.93;6.0733672;6.0733678;-5.55230807997020e-7
0;0.16;0.94;6.8283166;6.8283167;-1.02834977866451e-7
0;0.16;0.95;8.0100628;8.0100630;-1.90237841479757e-7
0;0.16;0.96;9.9999993;10.000000;-6.87351750627840e-7
0;0.16;0.97;13.499999;13.500000;-9.13820418446676e-7
0;0.16;0.98;20.499998;20.500000;-2.07636185223237e-6
0;0.16;0.99;41.499995;41.500000;-5.48953511270156e-6
0;0.17;0.18;0.058823650;0.058823529;1.20263639949436e-7
0;0.17;0.19;0.11764714;0.11764706;7.63981375523359e-8
0;0.17;0.2;0.17647060;0.17647059;1.31801043135038e-8
0;0.17;0.21;0.23529415;0.23529412;2.77004026105754e-8
0;0.17;0.22;0.29411762;0.29411765;-2.30069363005292e-8
0;0.17;0.23;0.35294118;0.35294118;1.11514564249404e-9
0;0.17;0.24;0.41176470;0.41176471;-9.50071793459628e-9
0;0.17;0.25;0.47058816;0.47058824;-7.89491029773437e-8
0;0.17;0.26;0.52941179;0.52941176;2.30008422308359e-8
0;0.17;0.27;0.58823528;0.58823529;-1.24228305420360e-8
0;0.17;0.28;0.64705892;0.64705882;9.54301391242751e-8
0;0.17;0.29;0.70588234;0.70588235;-1.12943893126882e-8
0;0.17;0.3;0.76470589;0.76470588;7.26234217207633e-9
0;0.17;0.31;0.82352941;0.82352941;-5.80705050712282e-9
0;0.17;0.32;0.88235282;0.88235294;-1.17530564169854e-7
0;0.17;0.33;0.94117652;0.94117647;4.83386841665379e-8
0;0.17;0.34;0.99999996;1.0000000;-4.30599964573730e-8
0;0.17;0.35;1.0588232;1.0588235;-2.97226905088266e-7
0;0.17;0.36;1.1176470;1.1176471;-3.16327180005516e-8
0;0.17;0.37;1.1764703;1.1764706;-2.55140198301973e-7
0;0.17;0.38;1.2352941;1.2352941;-1.25979227050266e-8
0;0.17;0.39;1.2941175;1.2941176;-1.79592544835572e-7
0;0.17;0.4;1.3529411;1.3529412;-5.45335370194522e-8
0;0.17;0.41;1.4117645;1.4117647;-1.91369768476335e-7
0;0.17;0.42;1.4705881;1.4705882;-1.06165931379465e-7
0;0.17;0.43;1.5294118;1.5294118;5.11408713155248e-8
0;0.17;0.44;1.5882354;1.5882353;6.02066394517209e-8
0;0.17;0.45;1.6470588;1.6470588;-4.66920087038858e-8
0;0.17;0.46;1.7058823;1.7058824;-3.82019083033924e-8
0;0.17;0.47;1.7647059;1.7647059;-1.19883711846569e-8
0;0.17;0.48;1.8235295;1.8235294;4.67057996722531e-8
0;0.17;0.49;1.8823529;1.8823529;-5.79980676818082e-8
0;0.17;0.5;1.9411765;1.9411765;1.32713491307612e-8
0;0.17;0.51;2.0000001;2.0000000;5.10442923484788e-8
0;0.17;0.52;2.0588234;2.0588235;-1.38578198694006e-7
0;0.17;0.53;2.1176468;2.1176471;-2.10284730961519e-7
0;0.17;0.54;2.1764705;2.1764706;-1.34468048695879e-7
0;0.17;0.55;2.2352940;2.2352941;-1.48083668882748e-7
0;0.17;0.56;2.2941176;2.2941176;-6.63408887824346e-8
0;0.17;0.57;2.3529411;2.3529412;-1.00454795592952e-7
0;0.17;0.58;2.4117647;2.4117647;-3.21466115948965e-8
0;0.17;0.59;2.4705882;2.4705882;-6.92664272605725e-8
0;0.17;0.6;2.5294114;2.5294118;-3.37388371907110e-7
0;0.17;0.61;2.5882352;2.5882353;-9.52294483269611e-8
0;0.17;0.62;2.6470584;2.6470588;-3.79756080359783e-7
0;0.17;0.63;2.7058822;2.7058824;-2.03643359952821e-7
0;0.17;0.64;2.7647056;2.7647059;-2.59727408469246e-7
0;0.17;0.65;2.8235292;2.8235294;-1.89475219958268e-7
0;0.17;0.66;2.8823527;2.8823529;-2.32477116668406e-7
0;0.17;0.67;2.9411760;2.9411765;-5.02179836381345e-7
0;0.17;0.68;3.0000000;3.0000000;-7.11135639264171e-9
0;0.17;0.69;3.0588234;3.0588235;-1.07898405321549e-7
0;0.17;0.7;3.1176469;3.1176471;-1.66973876947196e-7
0;0.17;0.71;3.1764707;3.1764706;1.41544526321979e-7
0;0.17;0.72;3.2352940;3.2352941;-9.90794442046194e-8
0;0.17;0.73;3.2941171;3.2941176;-5.39223607987083e-7
0;0.17;0.74;3.3529411;3.3529412;-5.85625872240314e-8
0;0.17;0.75;3.4117646;3.4117647;-1.20428577332632e-7
0;0.17;0.76;3.4705874;3.4705882;-8.18263758084470e-7
0;0.17;0.77;3.5294117;3.5294118;-9.26020189417898e-8
0;0.17;0.78;3.5882349;3.5882353;-3.53376898409863e-7
0;0.17;0.79;3.6470584;3.6470588;-4.59970297850276e-7
0;0.17;0.8;3.7058816;3.7058824;-7.42774702633398e-7
0;0.17;0.81;3.7647058;3.7647059;-9.26689445179818e-8
0;0.17;0.82;3.8235292;3.8235294;-2.10709889536531e-7
0;0.17;0.83;3.8823530;3.8823529;6.83226533126913e-8
0;0.17;0.84;3.9449095;3.9449095;-2.74413212153490e-8
0;0.17;0.85;4.0166828;4.0166830;-1.51285097338416e-7
0;0.17;0.86;4.1010069;4.1010071;-1.61047071678411e-7
0;0.17;0.87;4.2024904;4.2024904;5.80102188507681e-9
0;0.17;0.88;4.3276190;4.3276192;-2.41370209153047e-7
0;0.17;0.89;4.4857196;4.4857199;-2.95137033923254e-7
0;0.17;0.9;4.6905459;4.6905465;-5.78751892632567e-7
0;0.17;0.91;4.9630134;4.9630137;-3.47370519904189e-7
0;0.17;0.92;5.3361351;5.3361355;-3.82500450868406e-7
0;0.17;0.93;5.8645018;5.8645022;-4.02912368357988e-7
0;0.17;0.94;6.6438841;6.6438847;-5.66378646205123e-7
0;0.17;0.95;7.8558943;7.8558949;-5.89805049244774e-7
0;0.17;0.96;9.8749989;9.8750000;-1.08191152392578e-6
0;0.17;0.97;13.333332;13.333333;-1.26929884380900e-6
0;0.17;0.98;20.249997;20.250000;-2.83593668726212e-6
0;0.17;0.99;40.999993;41.000000;-7.48019821372736e-6
0;0.18;0.19;0.055555636;0.055555556;8.06861629176758e-8
0;0.18;0.2;0.11111121;0.11111111;1.00807225220101e-7
0;0.18;0.21;0.16666668;0.16666667;1.58588026044626e-8
0;0.18;0.22;0.22222227;0.22222222;4.43232233693358e-8
0;0.18;0.23;0.27777785;0.27777778;7.44181716805237e-8
0;0.18;0.24;0.33333333;0.33333333;-2.37932495927851e-9
0;0.18;0.25;0.38888889;0.38888889;-3.77740239088098e-9
0;0.18;0.26;0.44444448;0.44444444;3.56729346062679e-8
0;0.18;0.27;0.49999999;0.50000000;-7.14925796341248e-9
0;0.18;0.28;0.55555552;0.55555556;-3.42548058807068e-8
0;0.18;0.29;0.61111116;0.61111111;4.49242166800090e-8
0;0.18;0.3;0.66666657;0.66666667;-9.99325124872996e-8
0;0.18;0.31;0.72222221;0.72222222;-1.18158154371883e-8
0;0.18;0.32;0.77777780;0.77777778;2.36889895477432e-8
0;0.18;0.33;0.83333335;0.83333333;1.22486776277242e-8
0;0.18;0.34;0.88888891;0.88888889;2.03311106838910e-8
0;0.18;0.35;0.94444433;0.94444444;-1.11466063934529e-7
0;0.18;0.36;0.99999998;1.0000000;-1.82838694184895e-8
0;0.18;0.37;1.0555555;1.0555556;-7.24034365795490e-8
0;0.18;0.38;1.1111111;1.1111111;9.07541752859231e-9
0;0.18;0.39;1.1666667;1.1666667;5.12659610318877e-8
0;0.18;0.4;1.2222223;1.2222222;7.20185091562797e-8
0;0.18;0.41;1.2777778;1.2777778;-9.27661436556093e-9
0;0.18;0.42;1.3333333;1.3333333;-2.45972957557683e-8
0;0.18;0.43;1.3888889;1.3888889;1.41367983985674e-8
0;0.18;0.44;1.4444444;1.4444444;-7.43294203964240e-8
0;0.18;0.45;1.4999997;1.5000000;-2.93152739638813e-7
0;0.18;0.46;1.5555555;1.5555556;-6.65438126823403e-8
0;0.18;0.47;1.6111111;1.6111111;-3.31236500450416e-8
0;0.18;0.48;1.6666666;1.6666667;-1.14857021671355e-7
0;0.18;0.49;1.7222221;1.7222222;-1.14309036236548e-7
0;0.18;0.5;1.7777779;1.7777778;1.11430831450932e-7
0;0.18;0.51;1.8333333;1.8333333;1.18737415455428e-8
0;0.18;0.52;1.8888887;1.8888889;-2.28028829596383e-7
0;0.18;0.53;1.9444443;1.9444444;-1.35312862914461e-7
0;0.18;0.54;1.9999996;2.0000000;-3.57360552261099e-7
0;0.18;0.55;2.0555553;2.0555556;-2.74379095888122e-7
0;0.18;0.56;2.1111108;2.1111111;-3.30370383050393e-7
0;0.18;0.57;2.1666666;2.1666667;-2.53649239390086e-8
0;0.18;0.58;2.2222220;2.2222222;-2.41155540869897e-7
0;0.18;0.59;2.2777776;2.2777778;-1.85781922290573e-7
0;0.18;0.6;2.3333330;2.3333333;-3.66467507006973e-7
0;0.18;0.61;2.3888883;2.3888889;-5.81996958626263e-7
0;0.18;0.62;2.4444439;2.4444444;-5.21293659350164e-7
0;0.18;0.63;2.4999998;2.5000000;-1.72225118166836e-7
0;0.18;0.64;2.5555554;2.5555556;-1.22352183939967e-7
0;0.18;0.65;2.6111109;2.6111111;-2.61065670414951e-7
0;0.18;0.66;2.6666666;2.6666667;-6.77580804797628e-8
0;0.18;0.67;2.7222222;2.7222222;-3.49334192684125e-8
0;0.18;0.68;2.7777776;2.7777778;-2.13557904693573e-7
0;0.18;0.69;2.8333332;2.8333333;-1.22734822305404e-7
0;0.18;0.7;2.8888886;2.8888889;-2.57696040062427e-7
0;0.18;0.71;2.9444444;2.9444444;-7.92820404882377e-8
0;0.18;0.72;2.9999997;3.0000000;-3.21657429136479e-7
0;0.18;0.73;3.0555553;3.0555556;-2.69129110996857e-7
0;0.18;0.74;3.1111108;3.1111111;-3.45108762900281e-7
0;0.18;0.75;3.1666667;3.1666667;4.44362990847935e-8
0;0.18;0.76;3.2222220;3.2222222;-2.69199716296242e-7
0;0.18;0.77;3.2777771;3.2777778;-6.81082618747553e-7
0;0.18;0.78;3.3333328;3.3333333;-5.31719912100215e-7
0;0.18;0.79;3.3888886;3.3888889;-3.14503497911289e-7
0;0.18;0.8;3.4444441;3.4444444;-3.90797583182945e-7
0;0.18;0.81;3.4999997;3.5000000;-3.21614045173391e-7
0;0.18;0.82;3.5555556;3.5555556;7.30936475790145e-8
0;0.18;0.83;3.6141462;3.6141463;-9.80652896664935e-8
0;0.18;0.84;3.6801583;3.6801587;-4.40426290104767e-7
0;0.18;0.85;3.7561307;3.7561308;-1.56703543030545e-7
0;0.18;0.86;3.8455037;3.8455037;-2.88405468396036e-8
0;0.18;0.87;3.9530167;3.9530168;-2.77715819230195e-8
0;0.18;0.88;4.0853174;4.0853177;-2.98387996089389e-7
0;0.18;0.89;4.2519332;4.2519338;-6.12905226127225e-7
0;0.18;0.9;4.4668735;4.4668737;-2.20465738998143e-7
0;0.18;0.91;4.7513785;4.7513789;-4.27418029858018e-7
0;0.18;0.92;5.1388886;5.1388889;-2.59893646159526e-7
0;0.18;0.93;5.6845563;5.6845570;-7.02411790065582e-7
0;0.18;0.94;6.4849037;6.4849043;-5.54383431605743e-7
0;0.18;0.95;7.7225292;7.7225302;-1.02108673516454e-6
0;0.18;0.96;9.7499995;9.7500000;-5.43737273872580e-7
0;0.18;0.97;13.166665;13.166667;-1.20757812815953e-6
0;0.18;0.98;19.999996;20.000000;-3.61509544077876e-6
0;0.18;0.99;40.499993;40.500000;-7.16006921663848e-6
0;0.19;0.2;0.052631694;0.052631579;1.15492958224772e-7
0;0.19;0.21;0.10526318;0.10526316;2.45076852284365e-8
0;0.19;0.22;0.15789483;0.15789474;9.37302717385347e-8
0;0.19;0.23;0.21052636;0.21052632;4.64893552543089e-8
0;0.19;0.24;0.26315789;0.26315789;-1.67516711613303e-9
0;0.19;0.25;0.31578948;0.31578947;9.24095938659164e-9
0;0.19;0.26;0.36842114;0.36842105;9.19168827162586e-8
0;0.19;0.27;0.42105262;0.42105263;-1.11838585059587e-8
0;0.19;0.28;0.47368415;0.47368421;-5.57601077533221e-8
0;0.19;0.29;0.52631577;0.52631579;-1.77633288078738e-8
0;0.19;0.3;0.57894749;0.57894737;1.17360342222206e-7
0;0.19;0.31;0.63157901;0.63157895;6.18187079304278e-8
0;0.19;0.32;0.68421055;0.68421053;2.65007784605586e-8
0;0.19;0.33;0.73684213;0.73684211;2.28095770049563e-8
0;0.19;0.34;0.78947367;0.78947368;-1.46685412705239e-8
0;0.19;0.35;0.84210531;0.84210526;4.94658850547225e-8
0;0.19;0.36;0.89473686;0.89473684;1.39594438230972e-8
0;0.19;0.37;0.94736839;0.94736842;-3.27084350715268e-8
0;0.19;0.38;0.99999995;1.0000000;-5.09711716167871e-8
0;0.19;0.39;1.0526316;1.0526316;-9.64974122830142e-9
0;0.19;0.4;1.1052632;1.1052632;4.83376700888272e-8
0;0.19;0.41;1.1578948;1.1578947;2.27342389358398e-8
0;0.19;0.42;1.2105263;1.2105263;1.89609887790709e-8
0;0.19;0.43;1.2631579;1.2631579;-4.40522751610217e-9
0;0.19;0.44;1.3157894;1.3157895;-9.68754718666531e-8
0;0.19;0.45;1.3684210;1.3684211;-1.65763491821735e-8
0;0.19;0.46;1.4210525;1.4210526;-8.81643649197628e-8
0;0.19;0.47;1.4736842;1.4736842;-1.92242568530787e-8
0;0.19;0.48;1.5263158;1.5263158;9.75155667326533e-9
0;0.19;0.49;1.5789471;1.5789474;-2.85605056049576e-7
0;0.19;0.5;1.6315790;1.6315789;4.74146462092762e-8
0;0.19;0.51;1.6842103;1.6842105;-1.81327177273261e-7
0;0.19;0.52;1.7368420;1.7368421;-1.36311847365178e-7
0;0.19;0.53;1.7894736;1.7894737;-4.30632989267821e-8
0;0.19;0.54;1.8421052;1.8421053;-8.09179017124961e-8
0;0.19;0.55;1.8947368;1.8947368;-8.99541743315524e-8
0;0.19;0.56;1.9473683;1.9473684;-8.28350263937239e-8
0;0.19;0.57;1.9999999;2.0000000;-8.32923603422131e-8
0;0.19;0.58;2.0526316;2.0526316;-1.49821426376207e-8
0;0.19;0.59;2.1052631;2.1052632;-1.07096460144618e-7
0;0.19;0.6;2.1578948;2.1578947;7.97234545046877e-8
0;0.19;0.61;2.2105261;2.2105263;-2.02477916211308e-7
0;0.19;0.62;2.2631577;2.2631579;-2.25862563763002e-7
0;0.19;0.63;2.3157892;2.3157895;-2.93692382857813e-7
0;0.19;0.64;2.3684208;2.3684211;-2.08907472210029e-7
0;0.19;0.65;2.4210523;2.4210526;-3.29388873065994e-7
0;0.19;0.66;2.4736841;2.4736842;-8.29206330266175e-8
0;0.19;0.67;2.5263156;2.5263158;-2.06477797526361e-7
0;0.19;0.68;2.5789470;2.5789474;-3.45054807393552e-7
0;0.19;0.69;2.6315785;2.6315789;-4.02459038983949e-7
0;0.19;0.7;2.6842106;2.6842105;1.00401572833420e-7
0;0.19;0.71;2.7368419;2.7368421;-2.17390446088928e-7
0;0.19;0.72;2.7894735;2.7894737;-1.39407083654675e-7
0;0.19;0.73;2.8421050;2.8421053;-2.15453062057946e-7
0;0.19;0.74;2.8947365;2.8947368;-3.03231310727625e-7
0;0.19;0.75;2.9473683;2.9473684;-1.48335482119677e-7
0;0.19;0.76;2.9999997;3.0000000;-2.51656453897908e-7
0;0.19;0.77;3.0526311;3.0526316;-4.79401511377375e-7
0;0.19;0.78;3.1052629;3.1052632;-2.74285155033027e-7
0;0.19;0.79;3.1578947;3.1578947;-5.18667113702520e-8
0;0.19;0.8;3.2105255;3.2105263;-8.53697804448217e-7
0;0.19;0.81;3.2631579;3.2631579;-5.96130389496352e-9
0;0.19;0.82;3.3182792;3.3182793;-9.11620201549113e-8
0;0.19;0.83;3.3794374;3.3794375;-4.11979419467912e-8
0;0.19;0.84;3.4485937;3.4485939;-2.34465229898007e-7
0;0.19;0.85;3.5283628;3.5283632;-4.04209146598333e-7
0;0.19;0.86;3.6222783;3.6222787;-4.28722661371950e-7
0;0.19;0.87;3.7351911;3.7351912;-1.03988987198989e-7
0;0.19;0.88;3.8738844;3.8738846;-2.31576382958565e-7
0;0.19;0.89;4.0480546;4.0480549;-3.05788805832208e-7
0;0.19;0.9;4.2719213;4.2719215;-1.98568852027847e-7
0;0.19;0.91;4.5669918;4.5669921;-3.64937795538367e-7
0;0.19;0.92;4.9670461;4.9670468;-7.17653499293647e-7
0;0.19;0.93;5.5276742;5.5276747;-5.11539486325319e-7
0;0.19;0.94;6.3459492;6.3459497;-5.02115146794324e-7
0;0.19;0.95;7.6051281;7.6051290;-9.66770478783019e-7
0;0.19;0.96;9.6249995;9.6250000;-5.33768439225923e-7
0;0.19;0.97;12.999999;13.000000;-6.30062322315439e-7
0;0.19;0.98;19.749998;19.750000;-2.26766550781576e-6
0;0.19;0.99;39.999995;40.000000;-4.78232204415008e-6
0;0.2;0.21;0.050000046;0.050000000;4.62480542473553e-8
0;0.2;0.22;0.10000009;0.10000000;9.14776365212866e-8
0;0.2;0.23;0.15000004;0.15000000;4.18676440738786e-8
0;0.2;0.24;0.19999998;0.20000000;-1.93312809648738e-8
0;0.2;0.25;0.25000008;0.25000000;7.60955261580598e-8
0;0.2;0.26;0.29999997;0.30000000;-2.52293691493932e-8
0;0.2;0.27;0.35000007;0.35000000;6.86143627470770e-8
0;0.2;0.28;0.39999994;0.40000000;-6.02743351341140e-8
0;0.2;0.29;0.45000001;0.45000000;5.45834732967876e-9
0;0.2;0.3;0.50000004;0.50000000;3.91181187442413e-8
0;0.2;0.31;0.54999998;0.55000000;-2.00020534579792e-8
0;0.2;0.32;0.59999995;0.60000000;-5.35954173264130e-8
0;0.2;0.33;0.64999997;0.65000000;-3.08985295127684e-8
0;0.2;0.34;0.69999994;0.70000000;-6.19543952806723e-8
0;0.2;0.35;0.74999985;0.75000000;-1.44950534797239e-7
0;0.2;0.36;0.79999997;0.80000000;-3.48916788794895e-8
0;0.2;0.37;0.84999988;0.85000000;-1.16587717702288e-7
0;0.2;0.38;0.89999987;0.90000000;-1.29904762391497e-7
0;0.2;0.39;0.94999982;0.95000000;-1.76437578436328e-7
0;0.2;0.4;1.0000000;1.0000000;4.14588567920759e-8
0;0.2;0.41;1.0500000;1.0500000;-3.05255198895793e-8
0;0.2;0.42;1.1000001;1.1000000;9.92758131257432e-8
0;0.2;0.43;1.1499998;1.1500000;-1.97558828851641e-7
0;0.2;0.44;1.2000000;1.2000000;-2.59169385952163e-8
0;0.2;0.45;1.2500000;1.2500000;-1.02943122914922e-8
0;0.2;0.46;1.2999998;1.3000000;-1.92866696169247e-7
0;0.2;0.47;1.3499999;1.3500000;-1.19794903108428e-7
0;0.2;0.48;1.4000000;1.4000000;4.61458005140969e-9
0;0.2;0.49;1.4499999;1.4500000;-1.01184781442498e-7
0;0.2;0.5;1.5000000;1.5000000;-4.23932071669242e-8
0;0.2;0.51;1.5499999;1.5500000;-1.25516124160896e-7
0;0.2;0.52;1.5999999;1.6000000;-1.27296269969435e-7
0;0.2;0.53;1.6500000;1.6500000;1.23309382704662e-8
0;0.2;0.54;1.6999999;1.7000000;-1.04717414517452e-7
0;0.2;0.55;1.7500001;1.7500000;7.47165511683079e-8
0;0.2;0.56;1.7999998;1.8000000;-2.19054134165120e-7
0;0.2;0.57;1.8500000;1.8500000;-4.51581112503874e-8
0;0.2;0.58;1.8999999;1.9000000;-9.91955946272327e-8
0;0.2;0.59;1.9500000;1.9500000;-4.49312009820346e-9
0;0.2;0.6;2.0000001;2.0000000;7.65957106629855e-8
0;0.2;0.61;2.0500000;2.0500000;-2.83241452514460e-8
0;0.2;0.62;2.0999998;2.1000000;-1.67831059272316e-7
0;0.2;0.63;2.1499999;2.1500000;-6.34728412052254e-8
0;0.2;0.64;2.1999999;2.2000000;-9.31683299398856e-8
0;0.2;0.65;2.2500000;2.2500000;-7.82069964344601e-10
0;0.2;0.66;2.2999999;2.3000000;-1.13850961103168e-7
0;0.2;0.67;2.3499998;2.3500000;-2.38032656696419e-7
0;0.2;0.68;2.3999997;2.4000000;-3.45579108440575e-7
0;0.2;0.69;2.4499998;2.4500000;-2.21248837917187e-7
0;0.2;0.7;2.4999999;2.5000000;-9.74224794170198e-8
0;0.2;0.71;2.5499996;2.5500000;-3.68185228527551e-7
0;0.2;0.72;2.5999999;2.6000000;-7.71504491403618e-8
0;0.2;0.73;2.6499992;2.6500000;-7.57489559077840e-7
0;0.2;0.74;2.6999994;2.7000000;-5.99155434155563e-7
0;0.2;0.75;2.7500001;2.7500000;9.71717946107731e-8
0;0.2;0.76;2.7999998;2.8000000;-2.23047340597304e-7
0;0.2;0.77;2.8499998;2.8500000;-1.98407615226159e-7
0;0.2;0.78;2.8999998;2.9000000;-2.32133175792626e-7
0;0.2;0.79;2.9499998;2.9500000;-2.23896222451003e-7
0;0.2;0.8;3.0000000;3.0000000;-2.71922120376189e-8
0;0.2;0.81;3.0520582;3.0520584;-1.73069317099817e-7
0;0.2;0.82;3.1090705;3.1090706;-1.63348634174554e-7
0;0.2;0.83;3.1725727;3.1725729;-2.49382223760364e-7
0;0.2;0.84;3.2445824;3.2445825;-8.71342415997844e-8
0;0.2;0.85;3.3277797;3.3277798;-9.64886819332378e-8
0;0.2;0.86;3.4257766;3.4257769;-2.70984370942529e-7
0;0.2;0.87;3.5435188;3.5435189;-1.29869369036584e-7
0;0.2;0.88;3.6879040;3.6879044;-4.37910807171704e-7
0;0.2;0.89;3.8687690;3.8687692;-1.50159585654563e-7
0;0.2;0.9;4.1005048;4.1005051;-2.64236269309492e-7
0;0.2;0.91;4.4048337;4.4048338;-1.33433323057375e-7
0;0.2;0.92;4.8157999;4.8158004;-4.81037820243557e-7
0;0.2;0.93;5.3893188;5.3893193;-5.41410046572821e-7
0;0.2;0.94;6.2228427;6.2228436;-8.64485238949442e-7
0;0.2;0.95;7.4999997;7.5000000;-2.98989824010221e-7
0;0.2;0.96;9.4999995;9.5000000;-5.18339357213904e-7
0;0.2;0.97;12.833333;12.833333;-6.89121275598836e-7
0;0.2;0.98;19.499998;19.500000;-1.82073266330463e-6
0;0.2;0.99;39.499995;39.500000;-4.97623795325808e-6
0;0.21;0.22;0.047619141;0.047619048;9.30897418247034e-8
0;0.21;0.23;0.095238184;0.095238095;8.86879223532810e-8
0;0.21;0.24;0.14285718;0.14285714;3.25702869119482e-8
0;0.21;0.25;0.19047626;0.19047619;6.89662033315219e-8
0;0.21;0.26;0.23809521;0.23809524;-2.56103283857723e-8
0;0.21;0.27;0.28571430;0.28571429;1.53815605252738e-8
0;0.21;0.28;0.33333342;0.33333333;8.48979873624423e-8
0;0.21;0.29;0.38095243;0.38095238;4.51948573010341e-8
0;0.21;0.3;0.42857142;0.42857143;-1.31359214616822e-8
0;0.21;0.31;0.47619048;0.47619048;7.74311614826217e-10
0;0.21;0.32;0.52380955;0.52380952;2.24965519546316e-8
0;0.21;0.33;0.57142858;0.57142857;1.31927888613603e-8
0;0.21;0.34;0.61904763;0.61904762;1.17681142608461e-8
0;0.21;0.35;0.66666666;0.66666667;-5.94368332329509e-9
0;0.21;0.36;0.71428575;0.71428571;3.88762417813382e-8
0;0.21;0.37;0.76190472;0.76190476;-4.46941641474297e-8
0;0.21;0.38;0.80952378;0.80952381;-2.64449430131819e-8
0;0.21;0.39;0.85714289;0.85714286;2.77436125184494e-8
0;0.21;0.4;0.90476201;0.90476190;1.07936805382458e-7
0;0.21;0.41;0.95238090;0.95238095;-5.31891022337305e-8
0;0.21;0.42;0.99999991;1.0000000;-8.57982020985304e-8
0;0.21;0.43;1.0476191;1.0476190;5.76851055811289e-9
0;0.21;0.44;1.0952380;1.0952381;-6.11673030004312e-8
0;0.21;0.45;1.1428570;1.1428571;-1.27849041575701e-7
0;0.21;0.46;1.1904761;1.1904762;-6.90689858640070e-8
0;0.21;0.47;1.2380953;1.2380952;1.86337232310763e-8
0;0.21;0.48;1.2857142;1.2857143;-4.55356987671962e-8
0;0.21;0.49;1.3333333;1.3333333;-6.00839529241171e-8
0;0.21;0.5;1.3809525;1.3809524;8.05230855327466e-8
0;0.21;0.51;1.4285714;1.4285714;-5.79522438926006e-8
0;0.21;0.52;1.4761904;1.4761905;-7.62977354629157e-8
0;0.21;0.53;1.5238095;1.5238095;-5.37884146112333e-8
0;0.21;0.54;1.5714285;1.5714286;-9.69017959207008e-8
0;0.21;0.55;1.6190475;1.6190476;-8.40821234859845e-8
0;0.21;0.56;1.6666665;1.6666667;-1.32892036042165e-7
0;0.21;0.57;1.7142857;1.7142857;2.83094205855150e-8
0;0.21;0.58;1.7619046;1.7619048;-1.49377402225426e-7
0;0.21;0.59;1.8095238;1.8095238;-2.46096878431246e-8
0;0.21;0.6;1.8571425;1.8571429;-3.38730788529418e-7
0;0.21;0.61;1.9047618;1.9047619;-1.08343251925547e-7
0;0.21;0.62;1.9523807;1.9523810;-2.59661768753361e-7
0;0.21;0.63;1.9999999;2.0000000;-6.98249800201722e-8
0;0.21;0.64;2.0476189;2.0476190;-1.64104178690394e-7
0;0.21;0.65;2.0952380;2.0952381;-1.24472016693744e-7
0;0.21;0.66;2.1428570;2.1428571;-1.85389848361694e-7
0;0.21;0.67;2.1904762;2.1904762;2.66963513517737e-8
0;0.21;0.68;2.2380951;2.2380952;-1.83289494692929e-7
0;0.21;0.69;2.2857139;2.2857143;-3.76725354467311e-7
0;0.21;0.7;2.3333331;2.3333333;-1.88417407454011e-7
0;0.21;0.71;2.3809521;2.3809524;-2.50007341051628e-7
0;0.21;0.72;2.4285712;2.4285714;-1.83490450389456e-7
0;0.21;0.73;2.4761903;2.4761905;-2.21612353801248e-7
0;0.21;0.74;2.5238094;2.5238095;-1.70375736630035e-7
0;0.21;0.75;2.5714284;2.5714286;-1.88759381014592e-7
0;0.21;0.76;2.6190472;2.6190476;-4.51079494645512e-7
0;0.21;0.77;2.6666665;2.6666667;-1.58707106123757e-7
0;0.21;0.78;2.7142853;2.7142857;-4.17257733253962e-7
0;0.21;0.79;2.7619048;2.7619048;2.20472609058220e-8
0;0.21;0.8;2.8112371;2.8112372;-1.15150982527013e-7
0;0.21;0.81;2.8646663;2.8646664;-6.55582472752769e-8
0;0.21;0.82;2.9234097;2.9234098;-9.80405863160172e-8
0;0.21;0.83;2.9890447;2.9890448;-1.06716020020770e-7
0;0.21;0.84;3.0636360;3.0636365;-4.38834638405439e-7
0;0.21;0.85;3.1499214;3.1499218;-3.75981441536055e-7
0;0.21;0.86;3.2515792;3.2515794;-1.91653009906645e-7
0;0.21;0.87;3.3736338;3.3736339;-1.12289258780152e-7
0;0.21;0.88;3.5230789;3.5230791;-2.17938296742659e-7
0;0.21;0.89;3.7098651;3.7098656;-5.06231718766514e-7
0;0.21;0.9;3.9485236;3.9485239;-2.59047946649105e-7
0;0.21;0.91;4.2609423;4.2609429;-5.61322467618197e-7
0;0.21;0.92;4.6813664;4.6813669;-5.09404119775070e-7
0;0.21;0.93;5.2659370;5.2659373;-3.59340770472727e-7
0;0.21;0.94;6.1123332;6.1123338;-6.82193205037152e-7
0;0.21;0.95;7.3999995;7.4000000;-5.31666836778300e-7
0;0.21;0.96;9.3749994;9.3750000;-6.12612678807523e-7
0;0.21;0.97;12.666665;12.666667;-1.71176539787155e-6
0;0.21;0.98;19.249997;19.250000;-2.71763116899137e-6
0;0.21;0.99;38.999995;39.000000;-4.64189143656313e-6
0;0.22;0.23;0.045454601;0.045454545;5.58491561053476e-8
0;0.22;0.24;0.090909202;0.090909091;1.11060855220724e-7
0;0.22;0.25;0.13636371;0.13636364;7.23172887129309e-8
0;0.22;0.26;0.18181820;0.18181818;1.41275988962963e-8
0;0.22;0.27;0.22727274;0.22727273;1.71983018937283e-8
0;0.22;0.28;0.27272733;0.27272727;5.45315153033243e-8
0;0.22;0.29;0.31818182;0.31818182;4.89899920630421e-9
0;0.22;0.3;0.36363648;0.36363636;1.12317724565436e-7
0;0.22;0.31;0.40909088;0.40909091;-2.79985786222348e-8
0;0.22;0.32;0.45454546;0.45454545;1.88867260719761e-9
0;0.22;0.33;0.50000001;0.50000000;1.38786448999895e-8
0;0.22;0.34;0.54545454;0.54545455;-2.81286804959535e-9
0;0.22;0.35;0.59090909;0.59090909;3.64327601420911e-9
0;0.22;0.36;0.63636362;0.63636364;-1.67922880045523e-8
0;0.22;0.37;0.68181805;0.68181818;-1.29645980173621e-7
0;0.22;0.38;0.72727268;0.72727273;-4.97826369016963e-8
0;0.22;0.39;0.77272727;0.77272727;6.95190238708676e-10
0;0.22;0.4;0.81818176;0.81818182;-5.97288559722742e-8
0;0.22;0.41;0.86363625;0.86363636;-1.18122811310073e-7
0;0.22;0.42;0.90909069;0.90909091;-2.15154651206362e-7
0;0.22;0.43;0.95454541;0.95454545;-4.38946821113007e-8
0;0.22;0.44;0.99999993;1.0000000;-6.49550384590469e-8
0;0.22;0.45;1.0454545;1.0454545;-8.62581894800485e-9
0;0.22;0.46;1.0909091;1.0909091;-2.22615297307271e-8
0;0.22;0.47;1.1363635;1.1363636;-1.81395733100942e-7
0;0.22;0.48;1.1818180;1.1818182;-1.84676504977332e-7
0;0.22;0.49;1.2272726;1.2272727;-1.54279473196794e-7
0;0.22;0.5;1.2727272;1.2727273;-3.25999844896785e-8
0;0.22;0.51;1.3181817;1.3181818;-6.92430124349386e-8
0;0.22;0.52;1.3636363;1.3636364;-5.58744737144679e-8
0;0.22;0.53;1.4090909;1.4090909;-4.16430352423447e-8
0;0.22;0.54;1.4545454;1.4545455;-7.13864567458700e-8
0;0.22;0.55;1.4999997;1.5000000;-2.53724912191444e-7
0;0.22;0.56;1.5454545;1.5454545;-1.56432531372985e-8
0;0.22;0.57;1.5909090;1.5909091;-8.71294147941626e-8
0;0.22;0.58;1.6363635;1.6363636;-1.74008781606005e-7
0;0.22;0.59;1.6818180;1.6818182;-1.85649761785811e-7
0;0.22;0.6;1.7272727;1.7272727;-1.51622596700207e-8
0;0.22;0.61;1.7727273;1.7727273;6.10972610282090e-8
0;0.22;0.62;1.8181816;1.8181818;-2.21907570541191e-7
0;0.22;0.63;1.8636363;1.8636364;-8.47776586709870e-8
0;0.22;0.64;1.9090909;1.9090909;-3.99013835306050e-8
0;0.22;0.65;1.9545454;1.9545455;-4.81315016731543e-8
0;0.22;0.66;1.9999996;2.0000000;-3.57671061212983e-7
0;0.22;0.67;2.0454543;2.0454545;-2.34939711241111e-7
0;0.22;0.68;2.0909091;2.0909091;-1.97854013173071e-8
0;0.22;0.69;2.1363636;2.1363636;1.06071831318388e-8
0;0.22;0.7;2.1818182;2.1818182;2.33251928882794e-8
0;0.22;0.71;2.2272725;2.2272727;-2.60355198289375e-7
0;0.22;0.72;2.2727272;2.2727273;-1.05137931249999e-7
0;0.22;0.73;2.3181817;2.3181818;-1.28241087526959e-7
0;0.22;0.74;2.3636363;2.3636364;-8.92254736761799e-8
0;0.22;0.75;2.4090904;2.4090909;-5.44374300304185e-7
0;0.22;0.76;2.4545453;2.4545455;-1.33679077141124e-7
0;0.22;0.77;2.4999999;2.5000000;-1.41395817720991e-7
0;0.22;0.78;2.5454546;2.5454545;4.63538283312914e-8
0;0.22;0.79;2.5923438;2.5923439;-8.55820694312115e-8
0;0.22;0.8;2.6426441;2.6426443;-1.45340131485483e-7
0;0.22;0.81;2.6973308;2.6973309;-8.47770498246803e-8
0;0.22;0.82;2.7576518;2.7576519;-1.29440279827975e-7
0;0.22;0.83;2.8252196;2.8252200;-3.82910142704418e-7
0;0.22;0.84;2.9021414;2.9021414;-5.96480220771411e-8
0;0.22;0.85;2.9912008;2.9912010;-2.38116870221461e-7
0;0.22;0.86;3.0961333;3.0961335;-1.54311379230165e-7
0;0.22;0.87;3.2220296;3.2220298;-1.61205289561650e-7
0;0.22;0.88;3.3759613;3.3759616;-2.61397179457390e-7
0;0.22;0.89;3.5679719;3.5679719;-6.87730148385413e-8
0;0.22;0.9;3.8126999;3.8127001;-1.92932990472627e-7
0;0.22;0.91;4.1321605;4.1321610;-5.04960573799451e-7
0;0.22;0.92;4.5607385;4.5607393;-7.71280146416586e-7
0;0.22;0.93;5.1547156;5.1547165;-8.63680392093613e-7
0;0.22;0.94;6.0118629;6.0118633;-4.42618896201452e-7
0;0.22;0.95;7.2999997;7.3000000;-2.76130196930069e-7
0;0.22;0.96;9.2499996;9.2500000;-4.11594047733388e-7
0;0.22;0.97;12.499998;12.500000;-1.67503325876339e-6
0;0.22;0.98;18.999999;19.000000;-1.50322625103172e-6
0;0.22;0.99;38.499995;38.500000;-4.58046838502923e-6
0;0.23;0.24;0.043478350;0.043478261;8.90348037033140e-8
0;0.23;0.25;0.086956565;0.086956522;4.34408671812214e-8
0;0.23;0.26;0.13043482;0.13043478;4.22944773648126e-8
0;0.23;0.27;0.17391304;0.17391304;-1.47093182079061e-9
0;0.23;0.28;0.21739130;0.21739130;-6.88471388232692e-9
0;0.23;0.29;0.26086952;0.26086957;-4.86142540667700e-8
0;0.23;0.3;0.30434785;0.30434783;2.17384036882429e-8
0;0.23;0.31;0.34782614;0.34782609;5.04690977343181e-8
0;0.23;0.32;0.39130443;0.39130435;7.80668902855552e-8
0;0.23;0.33;0.43478260;0.43478261;-1.29308913021653e-8
0;0.23;0.34;0.47826094;0.47826087;6.63723308536035e-8
0;0.23;0.35;0.52173918;0.52173913;5.26523292743164e-8
0;0.23;0.36;0.56521738;0.56521739;-7.66134888863235e-9
0;0.23;0.37;0.60869564;0.60869565;-1.33611857133786e-8
0;0.23;0.38;0.65217390;0.65217391;-1.36520227345116e-8
0;0.23;0.39;0.69565223;0.69565217;5.32101468442292e-8
0;0.23;0.4;0.73913042;0.73913043;-1.95563186755621e-8
0;0.23;0.41;0.78260873;0.78260870;2.95174223952088e-8
0;0.23;0.42;0.82608694;0.82608696;-1.67200548961688e-8
0;0.23;0.43;0.86956514;0.86956522;-7.38014099832540e-8
0;0.23;0.44;0.91304350;0.91304348;2.46840575757190e-8
0;0.23;0.45;0.95652171;0.95652174;-3.37371887093596e-8
0;0.23;0.46;0.99999990;1.0000000;-9.88885355823754e-8
0;0.23;0.47;1.0434783;1.0434783;-2.47886977611245e-9
0;0.23;0.48;1.0869565;1.0869565;-5.77042991167787e-8
0;0.23;0.49;1.1304347;1.1304348;-1.05571986930286e-7
0;0.23;0.5;1.1739128;1.1739130;-1.98661479711149e-7
0;0.23;0.51;1.2173914;1.2173913;5.34888082714957e-8
0;0.23;0.52;1.2608696;1.2608696;1.56209687407483e-8
0;0.23;0.53;1.3043478;1.3043478;-1.00849666395675e-8
0;0.23;0.54;1.3478260;1.3478261;-5.08460074044592e-8
0;0.23;0.55;1.3913042;1.3913043;-1.06768428098647e-7
0;0.23;0.56;1.4347823;1.4347826;-2.74463286098481e-7
0;0.23;0.57;1.4782607;1.4782609;-1.58032553931875e-7
0;0.23;0.58;1.5217390;1.5217391;-1.07829534634618e-7
0;0.23;0.59;1.5652174;1.5652174;1.45063552281499e-8
0;0.23;0.6;1.6086956;1.6086957;-8.54024213570170e-8
0;0.23;0.61;1.6521739;1.6521739;-4.33775171337913e-9
0;0.23;0.62;1.6956521;1.6956522;-6.62715078370013e-8
0;0.23;0.63;1.7391300;1.7391304;-4.16591579233128e-7
0;0.23;0.64;1.7826086;1.7826087;-1.33922367639983e-7
0;0.23;0.65;1.8260869;1.8260870;-7.26946320916966e-8
0;0.23;0.66;1.8695652;1.8695652;-4.32390505622493e-8
0;0.23;0.67;1.9130434;1.9130435;-9.57200159135141e-8
0;0.23;0.68;1.9565215;1.9565217;-2.85101147357025e-7
0;0.23;0.69;1.9999998;2.0000000;-2.30973780546151e-7
0;0.23;0.7;2.0434780;2.0434783;-2.83241593290740e-7
0;0.23;0.71;2.0869564;2.0869565;-9.97738429653339e-8
0;0.23;0.72;2.1304347;2.1304348;-8.76065389121550e-8
0;0.23;0.73;2.1739128;2.1739130;-2.56844130408496e-7
0;0.23;0.74;2.2173911;2.2173913;-2.02676989413675e-7
0;0.23;0.75;2.2608696;2.2608696;8.16057239561019e-8
0;0.23;0.76;2.3043479;2.3043478;4.24323109982083e-8
0;0.23;0.77;2.3478262;2.3478261;6.82507432792079e-8
0;0.23;0.78;2.3925121;2.3925122;-1.51546179605333e-7
0;0.23;0.79;2.4400552;2.4400554;-1.93476411780580e-7
0;0.23;0.8;2.4912442;2.4912443;-1.07604683829976e-7
0;0.23;0.81;2.5470773;2.5470773;-2.94879329842956e-8
0;0.23;0.82;2.6088288;2.6088290;-1.27562880702925e-7
0;0.23;0.83;2.6781422;2.6781422;-4.83851678723113e-8
0;0.23;0.84;2.7571579;2.7571582;-2.91943418773144e-7
0;0.23;0.85;2.8487019;2.8487021;-1.62721543794930e-7
0;0.23;0.86;2.9565554;2.9565554;-3.60798915188809e-8
0;0.23;0.87;3.0858629;3.0858632;-2.59261490054286e-7
0;0.23;0.88;3.2437600;3.2437601;-1.72829785149986e-7
0;0.23;0.89;3.4403614;3.4403615;-1.76148522434971e-7
0;0.23;0.9;3.6903884;3.6903886;-2.55962330886206e-7
0;0.23;0.91;4.0159453;4.0159456;-3.03085030850525e-7
0;0.23;0.92;4.4515048;4.4515050;-2.53169391228880e-7
0;0.23;0.93;5.0534103;5.0534108;-5.30940431175964e-7
0;0.23;0.94;5.9194026;5.9194036;-1.07874481347636e-6
0;0.23;0.95;7.1999994;7.2000000;-6.15957619132246e-7
0;0.23;0.96;9.1249995;9.1250000;-5.39648512543067e-7
0;0.23;0.97;12.333333;12.333333;-8.31261536049510e-7
0;0.23;0.98;18.749998;18.750000;-2.38508729921705e-6
0;0.23;0.99;37.999994;38.000000;-6.04060886644220e-6
0;0.24;0.25;0.041666722;0.041666667;5.50793698983476e-8
0;0.24;0.26;0.083333452;0.083333333;1.18401752027819e-7
0;0.24;0.27;0.12500007;0.12500000;7.27280877743652e-8
0;0.24;0.28;0.16666673;0.16666667;6.00485690893660e-8
0;0.24;0.29;0.20833333;0.20833333;-1.05194580823920e-9
0;0.24;0.3;0.25000008;0.25000000;8.03355699741104e-8
0;0.24;0.31;0.29166670;0.29166667;3.27957009327307e-8
0;0.24;0.32;0.33333343;0.33333333;9.48601508454772e-8
0;0.24;0.33;0.37500008;0.37500000;7.63761069944024e-8
0;0.24;0.34;0.41666674;0.41666667;7.00526343044849e-8
0;0.24;0.35;0.45833327;0.45833333;-6.12844926473066e-8
0;0.24;0.36;0.50000003;0.50000000;2.71305439225600e-8
0;0.24;0.37;0.54166666;0.54166667;-9.73572122919819e-9
0;0.24;0.38;0.58333336;0.58333333;2.85955135126414e-8
0;0.24;0.39;0.62499993;0.62500000;-6.58986430979169e-8
0;0.24;0.4;0.66666665;0.66666667;-1.41100174877451e-8
0;0.24;0.41;0.70833330;0.70833333;-3.14850996385729e-8
0;0.24;0.42;0.75000008;0.75000000;8.49646595302289e-8
0;0.24;0.43;0.79166665;0.79166667;-1.41040980006224e-8
0;0.24;0.44;0.83333334;0.83333333;6.42353792379424e-9
0;0.24;0.45;0.87499999;0.87500000;-1.49761171241991e-8
0;0.24;0.46;0.91666661;0.91666667;-5.48078602502500e-8
0;0.24;0.47;0.95833344;0.95833333;1.04439385140154e-7
0;0.24;0.48;0.99999997;1.0000000;-2.80441647682039e-8
0;0.24;0.49;1.0416666;1.0416667;-2.68596147545708e-8
0;0.24;0.5;1.0833332;1.0833333;-1.22180923822768e-7
0;0.24;0.51;1.1250000;1.1250000;4.39462564116866e-8
0;0.24;0.52;1.1666667;1.1666667;-1.50801044984661e-8
0;0.24;0.53;1.2083334;1.2083333;7.63858341024104e-8
0;0.24;0.54;1.2499999;1.2500000;-1.15973698644467e-7
0;0.24;0.55;1.2916666;1.2916667;-8.15725278435764e-8
0;0.24;0.56;1.3333332;1.3333333;-1.01428687226957e-7
0;0.24;0.57;1.3749999;1.3750000;-1.45247667004966e-7
0;0.24;0.58;1.4166666;1.4166667;-5.09209236998487e-8
0;0.24;0.59;1.4583334;1.4583333;6.46764428680058e-8
0;0.24;0.6;1.4999999;1.5000000;-5.84929038538462e-8
0;0.24;0.61;1.5416666;1.5416667;-3.06117819981466e-8
0;0.24;0.62;1.5833333;1.5833333;-3.67427410719046e-8
0;0.24;0.63;1.6249999;1.6250000;-1.46759093322402e-7
0;0.24;0.64;1.6666666;1.6666667;-8.00109594134568e-8
0;0.24;0.65;1.7083333;1.7083333;-1.57713451187647e-8
0;0.24;0.66;1.7499999;1.7500000;-6.29208960489791e-8
0;0.24;0.67;1.7916666;1.7916667;-9.93077065025716e-8
0;0.24;0.68;1.8333331;1.8333333;-2.52864067240566e-7
0;0.24;0.69;1.8749999;1.8750000;-7.36037222281993e-8
0;0.24;0.7;1.9166665;1.9166667;-1.68115611653974e-7
0;0.24;0.71;1.9583333;1.9583333;-5.12229725302404e-9
0;0.24;0.72;1.9999998;2.0000000;-1.62493698496746e-7
0;0.24;0.73;2.0416664;2.0416667;-2.21340707984297e-7
0;0.24;0.74;2.0833331;2.0833333;-2.09863045164127e-7
0;0.24;0.75;2.1250000;2.1250000;4.20841272941175e-8
0;0.24;0.76;2.1666666;2.1666667;-2.98730471470776e-8
0;0.24;0.77;2.2093549;2.2093549;4.32922790949419e-8
0;0.24;0.78;2.2544485;2.2544487;-2.62301684816890e-7
0;0.24;0.79;2.3025914;2.3025915;-1.28349368910818e-7
0;0.24;0.8;2.3545893;2.3545895;-1.50783443508828e-7
0;0.24;0.81;2.4114609;2.4114609;1.88400726131022e-8
0;0.24;0.82;2.4745028;2.4745030;-1.97118843470179e-7
0;0.24;0.83;2.5453841;2.5453844;-3.06110712777752e-7
0;0.24;0.84;2.6262755;2.6262756;-1.82194077602560e-7
0;0.24;0.85;2.7200353;2.7200354;-1.16250426174247e-7
0;0.24;0.86;2.8304833;2.8304835;-2.46503069067927e-7
0;0.24;0.87;2.9628084;2.9628085;-1.62887633159414e-7
0;0.24;0.88;3.1241942;3.1241943;-1.02731388285093e-7
0;0.24;0.89;3.3248102;3.3248107;-4.48143557374436e-7
0;0.24;0.9;3.5794364;3.5794366;-2.79429121174957e-7
0;0.24;0.91;3.9102324;3.9102326;-1.76697989573427e-7
0;0.24;0.92;4.3517117;4.3517121;-3.69284521184454e-7
0;0.24;0.93;4.9602112;4.9602117;-5.16622235657849e-7
0;0.24;0.94;5.8333332;5.8333333;-1.45278985286268e-7
0;0.24;0.95;7.0999995;7.1000000;-5.24745736640853e-7
0;0.24;0.96;8.9999988;9.0000000;-1.16742879363585e-6
0;0.24;0.97;12.166666;12.166667;-9.06232486386216e-7
0;0.24;0.98;18.499999;18.500000;-1.21453252432957e-6
0;0.24;0.99;37.499994;37.500000;-6.03878354610288e-6
0;0.25;0.26;0.040000061;0.040000000;6.06911336187288e-8
0;0.25;0.27;0.080000103;0.080000000;1.02488079647967e-7
0;0.25;0.28;0.12000006;0.12000000;6.41054003353014e-8
0;0.25;0.29;0.16000005;0.16000000;4.55203630067569e-8
0;0.25;0.3;0.20000014;0.20000000;1.41546025150818e-7
0;0.25;0.31;0.24000007;0.24000000;7.37814532525416e-8
0;0.25;0.32;0.28000005;0.28000000;4.68041653767237e-8
0;0.25;0.33;0.32000001;0.32000000;1.43384393802570e-8
0;0.25;0.34;0.36000011;0.36000000;1.13506756549420e-7
0;0.25;0.35;0.40000004;0.40000000;3.71208320193439e-8
0;0.25;0.36;0.44000014;0.44000000;1.36555702467955e-7
0;0.25;0.37;0.48000008;0.48000000;7.99915538252094e-8
0;0.25;0.38;0.52000007;0.52000000;6.65734138927121e-8
0;0.25;0.39;0.56000003;0.56000000;3.38455790060976e-8
0;0.25;0.4;0.60000008;0.60000000;8.07559568105631e-8
0;0.25;0.41;0.63999995;0.64000000;-4.52877624290693e-8
0;0.25;0.42;0.67999995;0.68000000;-4.91439772210001e-8
0;0.25;0.43;0.71999998;0.72000000;-1.73750218657176e-8
0;0.25;0.44;0.75999994;0.76000000;-5.48133437527909e-8
0;0.25;0.45;0.80000001;0.80000000;6.01402516675620e-9
0;0.25;0.46;0.83999991;0.84000000;-8.67361068523920e-8
0;0.25;0.47;0.88000006;0.88000000;5.66061852946831e-8
0;0.25;0.48;0.91999997;0.92000000;-3.23695560355830e-8
0;0.25;0.49;0.95999989;0.96000000;-1.12995328982457e-7
0;0.25;0.5;0.99999993;1.0000000;-6.69100332917338e-8
0;0.25;0.51;1.0399999;1.0400000;-1.16839153019299e-7
0;0.25;0.52;1.0800001;1.0800000;7.67087438013903e-8
0;0.25;0.53;1.1199999;1.1200000;-6.19342783725330e-8
0;0.25;0.54;1.1599998;1.1600000;-1.59305027391810e-7
0;0.25;0.55;1.2000001;1.2000000;9.53889169874600e-8
0;0.25;0.56;1.2400000;1.2400000;3.60379481811890e-8
0;0.25;0.57;1.2799999;1.2800000;-1.36888977930738e-7
0;0.25;0.58;1.3200000;1.3200000;-3.78769160480630e-8
0;0.25;0.59;1.3599999;1.3600000;-7.70107824177302e-8
0;0.25;0.6;1.4000001;1.4000000;6.02917236136591e-8
0;0.25;0.61;1.4399998;1.4400000;-2.43782945830162e-7
0;0.25;0.62;1.4799999;1.4800000;-8.13474569927308e-8
0;0.25;0.63;1.5199999;1.5200000;-6.78060776415634e-8
0;0.25;0.64;1.5599998;1.5600000;-1.52400968289612e-7
0;0.25;0.65;1.5999998;1.6000000;-1.98209486157452e-7
0;0.25;0.66;1.6399999;1.6400000;-6.68095923028744e-8
0;0.25;0.67;1.6800000;1.6800000;8.33802937805217e-9
0;0.25;0.68;1.7199998;1.7200000;-1.49335138921458e-7
0;0.25;0.69;1.7599998;1.7600000;-1.56138325824173e-7
0;0.25;0.7;1.7999997;1.8000000;-3.29635379658910e-7
0;0.25;0.71;1.8399999;1.8400000;-1.22570252392151e-7
0;0.25;0.72;1.8800000;1.8800000;-8.83570083765051e-9
0;0.25;0.73;1.9199997;1.9200000;-3.18967942725124e-7
0;0.25;0.74;1.9599998;1.9600000;-1.70467552962350e-7
0;0.25;0.75;2.0000001;2.0000000;8.60453477358192e-8
0;0.25;0.76;2.0408674;2.0408674;-3.18204489424545e-8
0;0.25;0.77;2.0837697;2.0837698;-7.61805649673875e-8
0;0.25;0.78;2.1292357;2.1292357;-8.77505179630589e-10
0;0.25;0.79;2.1779220;2.1779221;-1.30181416313491e-7
0;0.25;0.8;2.2306504;2.2306505;-6.69077078185865e-8
0;0.25;0.81;2.2884560;2.2884560;3.13709733745782e-8
0;0.25;0.82;2.3526550;2.3526551;-1.21871063907264e-7
0;0.25;0.83;2.4249381;2.4249382;-1.43321890799797e-7
0;0.25;0.84;2.5074999;2.5075000;-6.44036326491459e-8
0;0.25;0.85;2.6032264;2.6032266;-1.97865649642637e-7
0;0.25;0.86;2.7159683;2.7159686;-2.45969524748091e-7
0;0.25;0.87;2.8509481;2.8509483;-2.04120206515057e-7
0;0.25;0.88;3.0153864;3.0153866;-2.24065744625079e-7
0;0.25;0.89;3.2194913;3.2194914;-1.22679991498842e-7
0;0.25;0.9;3.4780777;3.4780781;-4.05883387788464e-7
0;0.25;0.91;3.8133332;3.8133333;-1.20398197189786e-7
0;0.25;0.92;4.2597684;4.2597691;-7.19208777866243e-7
0;0.25;0.93;4.8736519;4.8736520;-1.18217462485859e-7
0;0.25;0.94;5.7499998;5.7500000;-1.93551279004112e-7
0;0.25;0.95;6.9999995;7.0000000;-4.51516058319612e-7
0;0.25;0.96;8.8749993;8.8750000;-6.81103772492975e-7
0;0.25;0.97;11.999999;12.000000;-6.32001061262599e-7
0;0.25;0.98;18.249998;18.250000;-1.55751095931578e-6
0;0.25;0.99;36.999993;37.000000;-6.55600135957002e-6
0;0.26;0.27;0.038461667;0.038461538;1.28360212875434e-7
0;0.26;0.28;0.076923203;0.076923077;1.26432909169916e-7
0;0.26;0.29;0.11538468;0.11538462;6.44303143199076e-8
0;0.26;0.3;0.15384623;0.15384615;7.56738766372056e-8
0;0.26;0.31;0.19230778;0.19230769;9.08034589186535e-8
0;0.26;0.32;0.23076930;0.23076923;7.00891594207498e-8
0;0.26;0.33;0.26923078;0.26923077;5.74651082274613e-9
0;0.26;0.34;0.30769231;0.30769231;2.32108710029877e-9
0;0.26;0.35;0.34615380;0.34615385;-4.28152359677192e-8
0;0.26;0.36;0.38461535;0.38461538;-3.91355116646785e-8
0;0.26;0.37;0.42307689;0.42307692;-3.26499565161953e-8
0;0.26;0.38;0.46153850;0.46153846;3.75711518563193e-8
0;0.26;0.39;0.50000003;0.50000000;3.32327205754268e-8
0;0.26;0.4;0.53846151;0.53846154;-2.32600378957670e-8
0;0.26;0.41;0.57692311;0.57692308;3.13721386646648e-8
0;0.26;0.42;0.61538458;0.61538462;-3.49043661751480e-8
0;0.26;0.43;0.65384619;0.65384615;3.45093743581160e-8
0;0.26;0.44;0.69230767;0.69230769;-1.87202287005306e-8
0;0.26;0.45;0.73076915;0.73076923;-7.72802252191340e-8
0;0.26;0.46;0.76923075;0.76923077;-1.66582454497188e-8
0;0.26;0.47;0.80769222;0.80769231;-8.80125082813876e-8
0;0.26;0.48;0.84615395;0.84615385;1.08060282388855e-7
0;0.26;0.49;0.88461537;0.88461538;-1.79610577522027e-8
0;0.26;0.5;0.92307697;0.92307692;4.64716279902078e-8
0;0.26;0.51;0.96153841;0.96153846;-4.69132346303525e-8
0;0.26;0.52;0.99999990;1.0000000;-9.84169303830384e-8
0;0.26;0.53;1.0384615;1.0384615;-6.55780729719169e-8
0;0.26;0.54;1.0769230;1.0769231;-6.84177579035605e-8
0;0.26;0.55;1.1153846;1.1153846;-2.92682025282431e-8
0;0.26;0.56;1.1538461;1.1538462;-6.21296523117820e-8
0;0.26;0.57;1.1923077;1.1923077;-2.50251654954070e-8
0;0.26;0.58;1.2307692;1.2307692;-6.22975535602421e-8
0;0.26;0.59;1.2692306;1.2692308;-1.29594104558706e-7
0;0.26;0.6;1.3076923;1.3076923;-5.47613705492722e-8
0;0.26;0.61;1.3461538;1.3461538;-6.46785609514922e-8
0;0.26;0.62;1.3846154;1.3846154;1.03414561358761e-8
0;0.26;0.63;1.4230769;1.4230769;-8.53443915538321e-9
0;0.26;0.64;1.4615382;1.4615385;-2.18254217143610e-7
0;0.26;0.65;1.5000000;1.5000000;-4.05748665777139e-8
0;0.26;0.66;1.5384615;1.5384615;-8.34849498421164e-8
0;0.26;0.67;1.5769229;1.5769231;-1.94310971757261e-7
0;0.26;0.68;1.6153845;1.6153846;-8.33244886422335e-8
0;0.26;0.69;1.6538460;1.6538462;-1.33043247751985e-7
0;0.26;0.7;1.6923076;1.6923077;-4.82578181859594e-8
0;0.26;0.71;1.7307692;1.7307692;-6.51948979246697e-8
0;0.26;0.72;1.7692307;1.7692308;-8.17452243673245e-8
0;0.26;0.73;1.8076923;1.8076923;-3.46477733170758e-8
0;0.26;0.74;1.8461538;1.8461538;-8.13638934005212e-10
0;0.26;0.75;1.8853544;1.8853545;-1.22188145823543e-7
0;0.26;0.76;1.9262833;1.9262833;-3.52354307953107e-8
0;0.26;0.77;1.9693780;1.9693780;-9.21382870000542e-8
0;0.26;0.78;2.0151778;2.0151779;-1.24378650490087e-7
0;0.26;0.79;2.0643512;2.0643514;-1.67854675492407e-7
0;0.26;0.8;2.1177327;2.1177328;-1.00991359719416e-7
0;0.26;0.81;2.1763721;2.1763721;-1.25832926300973e-8
0;0.26;0.82;2.2416015;2.2416016;-5.09954842797811e-8
0;0.26;0.83;2.3151294;2.3151295;-1.56512823146215e-7
0;0.26;0.84;2.3991704;2.3991705;-1.48278689326986e-7
0;0.26;0.85;2.4966325;2.4966326;-5.80299563956999e-8
0;0.26;0.86;2.6113897;2.6113899;-1.81266810450609e-7
0;0.26;0.87;2.7486901;2.7486902;-1.22721884210364e-7
0;0.26;0.88;2.9157797;2.9157798;-1.26902875763335e-7
0;0.26;0.89;3.1228901;3.1228904;-2.88612483245743e-7
0;0.26;0.9;3.3848537;3.3848539;-2.57131959280343e-7
0;0.26;0.91;3.7238559;3.7238564;-4.87747415789386e-7
0;0.26;0.92;4.1743698;4.1743698;-9.03439971722264e-8
0;0.26;0.93;4.7925334;4.7925339;-5.11413992043686e-7
0;0.26;0.94;5.6666665;5.6666667;-1.82649697144655e-7
0;0.26;0.95;6.8999999;6.9000000;-1.30727168645706e-7
0;0.26;0.96;8.7499990;8.7500000;-9.86019626836310e-7
0;0.26;0.97;11.833332;11.833333;-8.97942971533894e-7
0;0.26;0.98;17.999998;18.000000;-1.58446590248218e-6
0;0.26;0.99;36.499995;36.500000;-4.77367184004152e-6
0;0.27;0.28;0.037037115;0.037037037;7.77120432796097e-8
0;0.27;0.29;0.074074109;0.074074074;3.48530012211912e-8
0;0.27;0.3;0.11111124;0.11111111;1.32045332626451e-7
0;0.27;0.31;0.14814822;0.14814815;7.48006386552813e-8
0;0.27;0.32;0.18518523;0.18518519;4.95505930453444e-8
0;0.27;0.33;0.22222226;0.22222222;3.49675992883380e-8
0;0.27;0.34;0.25925929;0.25925926;3.30971314244088e-8
0;0.27;0.35;0.29629631;0.29629630;1.74950498532667e-8
0;0.27;0.36;0.33333329;0.33333333;-3.93601268244836e-8
0;0.27;0.37;0.37037032;0.37037037;-5.03836349308173e-8
0;0.27;0.38;0.40740737;0.40740741;-4.12565023810707e-8
0;0.27;0.39;0.44444452;0.44444444;7.17852332021707e-8
0;0.27;0.4;0.48148147;0.48148148;-1.34512581628776e-8
0;0.27;0.41;0.51851838;0.51851852;-1.41826553612390e-7
0;0.27;0.42;0.55555551;0.55555556;-4.69383509837940e-8
0;0.27;0.43;0.59259257;0.59259259;-2.19017610714189e-8
0;0.27;0.44;0.62962960;0.62962963;-2.94200920292198e-8
0;0.27;0.45;0.66666667;0.66666667;-1.14087783664729e-9
0;0.27;0.46;0.70370369;0.70370370;-1.68811501444210e-8
0;0.27;0.47;0.74074072;0.74074074;-1.71675619276002e-8
0;0.27;0.48;0.77777770;0.77777778;-7.35729386303063e-8
0;0.27;0.49;0.81481482;0.81481481;6.48847797712904e-9
0;0.27;0.5;0.85185176;0.85185185;-9.19180480618564e-8
0;0.27;0.51;0.88888886;0.88888889;-2.66137002435940e-8
0;0.27;0.52;0.92592582;0.92592593;-1.03642555648875e-7
0;0.27;0.53;0.96296299;0.96296296;2.69092040872110e-8
0;0.27;0.54;0.99999992;1.0000000;-7.88733925949359e-8
0;0.27;0.55;1.0370370;1.0370370;-3.71929664844117e-8
0;0.27;0.56;1.0740741;1.0740741;6.74043656445633e-8
0;0.27;0.57;1.1111111;1.1111111;-3.15433854591873e-8
0;0.27;0.58;1.1481481;1.1481481;-5.67059172951190e-8
0;0.27;0.59;1.1851853;1.1851852;6.73049560528938e-8
0;0.27;0.6;1.2222222;1.2222222;-5.45922063110993e-8
0;0.27;0.61;1.2592593;1.2592593;6.83169938398009e-8
0;0.27;0.62;1.2962963;1.2962963;7.46028616660510e-9
0;0.27;0.63;1.3333333;1.3333333;-1.92984841440591e-8
0;0.27;0.64;1.3703702;1.3703704;-1.53734740271361e-7
0;0.27;0.65;1.4074074;1.4074074;-2.57501173717145e-8
0;0.27;0.66;1.4444445;1.4444444;5.95962070804035e-8
0;0.27;0.67;1.4814814;1.4814815;-3.46881035007129e-8
0;0.27;0.68;1.5185186;1.5185185;1.17995964110662e-7
0;0.27;0.69;1.5555556;1.5555556;5.79705936587516e-8
0;0.27;0.7;1.5925924;1.5925926;-1.48077441863848e-7
0;0.27;0.71;1.6296296;1.6296296;-6.50224272202848e-8
0;0.27;0.72;1.6666664;1.6666667;-2.89278205833909e-7
0;0.27;0.73;1.7037037;1.7037037;-3.48773803171554e-8
0;0.27;0.74;1.7413723;1.7413724;-7.08346141742311e-8
0;0.27;0.75;1.7805138;1.7805138;-1.10178230983138e-8
0;0.27;0.76;1.8214928;1.8214927;6.64602233246825e-8
0;0.27;0.77;1.8647549;1.8647550;-1.26728703309098e-7
0;0.27;0.78;1.9108488;1.9108489;-5.54001950980876e-8
0;0.27;0.79;1.9604529;1.9604529;4.42073511131014e-8
0;0.27;0.8;2.0144121;2.0144122;-1.42966182448134e-7
0;0.27;0.81;2.0737887;2.0737888;-9.14584994404777e-8
0;0.27;0.82;2.1399283;2.1399283;-2.74269100764002e-8
0;0.27;0.83;2.2145535;2.2145535;-2.63833785929535e-8
0;0.27;0.84;2.2998945;2.2998947;-1.43060576718312e-7
0;0.27;0.85;2.3988765;2.3988766;-1.36518945925701e-7
0;0.27;0.86;2.5153910;2.5153910;-1.67434728304272e-8
0;0.27;0.87;2.6547027;2.6547029;-2.07337872204505e-7
0;0.27;0.88;2.8240739;2.8240741;-1.77214617202992e-7
0;0.27;0.89;3.0337463;3.0337465;-1.03049327293547e-7
0;0.27;0.9;3.2985508;3.2985509;-1.73355112487172e-8
0;0.27;0.91;3.6406477;3.6406480;-3.53636129712953e-7
0;0.27;0.92;4.0944348;4.0944352;-3.40501366657975e-7
0;0.27;0.93;4.7158729;4.7158731;-2.10119561749877e-7
0;0.27;0.94;5.5833330;5.5833333;-3.47637653774768e-7
0;0.27;0.95;6.7999993;6.8000000;-6.60218447023908e-7
0;0.27;0.96;8.6249991;8.6250000;-9.31004629833865e-7
0;0.27;0.97;11.666666;11.666667;-9.98797101914306e-7
0;0.27;0.98;17.749999;17.750000;-1.47092939428717e-6
0;0.27;0.99;35.999994;36.000000;-5.64833197103098e-6
0;0.28;0.29;0.035714372;0.035714286;8.65930232935019e-8
0;0.28;0.3;0.071428626;0.071428571;5.49580430331265e-8
0;0.28;0.31;0.10714289;0.10714286;3.05055428417855e-8
0;0.28;0.32;0.14285724;0.14285714;9.70312702130993e-8
0;0.28;0.33;0.17857151;0.17857143;8.38203143838090e-8
0;0.28;0.34;0.21428583;0.21428571;1.16966180019329e-7
0;0.28;0.35;0.25000009;0.25000000;8.77632665985395e-8
0;0.28;0.36;0.28571431;0.28571429;2.57656120328242e-8
0;0.28;0.37;0.32142862;0.32142857;4.35706675183667e-8
0;0.28;0.38;0.35714289;0.35714286;3.11060167623722e-8
0;0.28;0.39;0.39285711;0.39285714;-2.79617060061632e-8
0;0.28;0.4;0.42857151;0.42857143;8.46954903988006e-8
0;0.28;0.41;0.46428577;0.46428571;5.54738914249064e-8
0;0.28;0.42;0.50000000;0.50000000;-4.05516059620581e-9
0;0.28;0.43;0.53571430;0.53571429;1.77825835168122e-8
0;0.28;0.44;0.57142854;0.57142857;-2.79997103280749e-8
0;0.28;0.45;0.60714281;0.60714286;-4.26831322508647e-8
0;0.28;0.46;0.64285713;0.64285714;-1.80965259444221e-8
0;0.28;0.47;0.67857142;0.67857143;-7.35288485653740e-9
0;0.28;0.48;0.71428570;0.71428571;-9.97083604570292e-9
0;0.28;0.49;0.75000003;0.75000000;3.19322266406630e-8
0;0.28;0.5;0.78571424;0.78571429;-4.18268782942377e-8
0;0.28;0.51;0.82142856;0.82142857;-1.51869886666489e-8
0;0.28;0.52;0.85714280;0.85714286;-6.13279736993988e-8
0;0.28;0.53;0.89285713;0.89285714;-1.12367976035088e-8
0;0.28;0.54;0.92857134;0.92857143;-9.22480941634163e-8
0;0.28;0.55;0.96428567;0.96428571;-4.66974166002387e-8
0;0.28;0.56;1.0000000;1.0000000;2.89706709732940e-8
0;0.28;0.57;1.0357143;1.0357143;-8.10299782827428e-9
0;0.28;0.58;1.0714284;1.0714286;-1.36019097540796e-7
0;0.28;0.59;1.1071428;1.1071429;-4.33899671747895e-8
0;0.28;0.6;1.1428571;1.1428571;-5.70841061087179e-8
0;0.28;0.61;1.1785715;1.1785714;3.87932799217339e-8
0;0.28;0.62;1.2142857;1.2142857;1.58848900699837e-8
0;0.28;0.63;1.2500000;1.2500000;3.10660410729469e-8
0;0.28;0.64;1.2857142;1.2857143;-1.03404600215740e-7
0;0.28;0.65;1.3214285;1.3214286;-4.94242125004263e-8
0;0.28;0.66;1.3571428;1.3571429;-7.79942477269202e-8
0;0.28;0.67;1.3928571;1.3928571;-7.97314483325096e-8
0;0.28;0.68;1.4285713;1.4285714;-1.30187620239752e-7
0;0.28;0.69;1.4642856;1.4642857;-7.76968265281397e-8
0;0.28;0.7;1.4999999;1.5000000;-1.46963098357489e-7
0;0.28;0.71;1.5357142;1.5357143;-7.58021034830136e-8
0;0.28;0.72;1.5714286;1.5714286;6.47115139251753e-9
0;0.28;0.73;1.6076840;1.6076840;-1.36544602291622e-8
0;0.28;0.74;1.6451981;1.6451982;-5.47997338617989e-8
0;0.28;0.75;1.6842767;1.6842768;-9.05319106347946e-8
0;0.28;0.76;1.7252911;1.7252910;4.94028984387995e-8
0;0.28;0.77;1.7686937;1.7686938;-4.45510919266923e-8
0;0.28;0.78;1.8150409;1.8150410;-9.29911505576086e-8
0;0.28;0.79;1.8650194;1.8650195;-3.14458306061027e-8
0;0.28;0.8;1.9194835;1.9194836;-5.51248497959733e-8
0;0.28;0.81;1.9795050;1.9795051;-8.37597069480722e-8
0;0.28;0.82;2.0464406;2.0464405;6.06043539796985e-8
0;0.28;0.83;2.1220238;2.1220238;-4.78507580226051e-8
0;0.28;0.84;2.2084973;2.2084974;-3.06320204757071e-8
0;0.28;0.85;2.3087980;2.3087982;-1.30214861560063e-7
0;0.28;0.86;2.4268293;2.4268295;-2.63146065382358e-7
0;0.28;0.87;2.5678666;2.5678667;-1.37079356754555e-7
0;0.28;0.88;2.7391776;2.7391776;-2.06548436132437e-8
0;0.28;0.89;2.9510020;2.9510022;-2.42086966029120e-7
0;0.28;0.9;3.2181539;3.2181541;-1.44003891477951e-7
0;0.28;0.91;3.5627459;3.5627461;-2.06484985554312e-7
0;0.28;0.92;4.0190685;4.0190688;-3.35846487509173e-7
0;0.28;0.93;4.6428571;4.6428571;-6.83168543957891e-8
0;0.28;0.94;5.4999999;5.5000000;-1.07116357561665e-7
0;0.28;0.95;6.6999997;6.7000000;-3.45449900684969e-7
0;0.28;0.96;8.4999995;8.5000000;-4.54610928457555e-7
0;0.28;0.97;11.499999;11.500000;-8.26758627781032e-7
0;0.28;0.98;17.499998;17.500000;-1.52498339289764e-6
0;0.28;0.99;35.499994;35.500000;-5.59888136564268e-6
0;0.29;0.3;0.034482820;0.034482759;6.12202329941525e-8
0;0.29;0.31;0.068965645;0.068965517;1.27598018734298e-7
0;0.29;0.32;0.10344834;0.10344828;6.62358148190156e-8
0;0.29;0.33;0.13793105;0.13793103;1.87691885089603e-8
0;0.29;0.34;0.17241379;0.17241379;1.11989315043637e-9
0;0.29;0.35;0.20689656;0.20689655;8.69080474252826e-9
0;0.29;0.36;0.24137931;0.24137931;-5.35063449103035e-9
0;0.29;0.37;0.27586208;0.27586207;1.52672409714505e-8
0;0.29;0.38;0.31034482;0.31034483;-5.20180898355704e-9
0;0.29;0.39;0.34482760;0.34482759;1.42563673644069e-8
0;0.29;0.4;0.37931038;0.37931034;3.46654379645983e-8
0;0.29;0.41;0.41379310;0.41379310;-4.15737699821506e-9
0;0.29;0.42;0.44827580;0.44827586;-6.34656415754442e-8
0;0.29;0.43;0.48275865;0.48275862;2.90465049790356e-8
0;0.29;0.44;0.51724141;0.51724138;3.25558039415696e-8
0;0.29;0.45;0.55172414;0.55172414;1.64037750050028e-9
0;0.29;0.46;0.58620700;0.58620690;1.05456092636125e-7
0;0.29;0.47;0.62068956;0.62068965;-9.22150954485446e-8
0;0.29;0.48;0.65517239;0.65517241;-2.19292067837884e-8
0;0.29;0.49;0.68965516;0.68965517;-8.54814463657760e-9
0;0.29;0.5;0.72413792;0.72413793;-8.63216531588051e-9
0;0.29;0.51;0.75862056;0.75862069;-1.33949855540827e-7
0;0.29;0.52;0.79310343;0.79310345;-1.96173859379201e-8
0;0.29;0.53;0.82758615;0.82758621;-5.67304908605237e-8
0;0.29;0.54;0.86206908;0.86206897;1.15505268349914e-7
0;0.29;0.55;0.89655179;0.89655172;6.27858514068436e-8
0;0.29;0.56;0.93103453;0.93103448;5.10878656045932e-8
0;0.29;0.57;0.96551720;0.96551724;-3.71525218367807e-8
0;0.29;0.58;0.99999996;1.0000000;-3.85764973298564e-8
0;0.29;0.59;1.0344828;1.0344828;-1.70899738805019e-10
0;0.29;0.6;1.0689655;1.0689655;-2.85922832077290e-8
0;0.29;0.61;1.1034481;1.1034483;-1.81236610385938e-7
0;0.29;0.62;1.1379309;1.1379310;-1.44643665933586e-7
0;0.29;0.63;1.1724137;1.1724138;-4.40478342689232e-8
0;0.29;0.64;1.2068965;1.2068966;-2.28078909092488e-8
0;0.29;0.65;1.2413793;1.2413793;-3.88153287289583e-9
0;0.29;0.66;1.2758619;1.2758621;-1.30291970990015e-7
0;0.29;0.67;1.3103449;1.3103448;2.52697920366529e-8
0;0.29;0.68;1.3448275;1.3448276;-5.39219058293128e-8
0;0.29;0.69;1.3793103;1.3793103;-3.70794221993265e-8
0;0.29;0.7;1.4137930;1.4137931;-8.25585324548683e-8
0;0.29;0.71;1.4482759;1.4482759;1.60490802869617e-8
0;0.29;0.72;1.4832232;1.4832232;2.89815567100504e-8
0;0.29;0.73;1.5192490;1.5192490;3.68192143440638e-11
0;0.29;0.74;1.5566108;1.5566108;-3.90306387210160e-9
0;0.29;0.75;1.5956195;1.5956196;-1.14941514306466e-7
0;0.29;0.76;1.6366518;1.6366518;-9.72568181545341e-9
0;0.29;0.77;1.6801665;1.6801665;-2.74778293452016e-8
0;0.29;0.78;1.7267258;1.7267259;-7.34837943827671e-8
0;0.29;0.79;1.7770235;1.7770238;-2.12344962280397e-7
0;0.29;0.8;1.8319217;1.8319219;-1.90899810625922e-7
0;0.29;0.81;1.8925001;1.8925000;3.88112781912753e-8
0;0.29;0.82;1.9601228;1.9601229;-9.21219869276513e-8
0;0.29;0.83;2.0365331;2.0365331;-4.56079618516014e-9
0;0.29;0.84;2.1239815;2.1239816;-1.02047823968832e-7
0;0.29;0.85;2.2254133;2.2254133;-4.12673353267223e-8
0;0.29;0.86;2.3447380;2.3447381;-5.19823739608682e-8
0;0.29;0.87;2.4872342;2.4872345;-2.67569104650534e-7
0;0.29;0.88;2.6601682;2.6601682;-6.80011904563571e-8
0;0.29;0.89;2.8737659;2.8737664;-4.52600432243599e-7
0;0.29;0.9;3.1428098;3.1428099;-1.13070129703630e-7
0;0.29;0.91;3.4893434;3.4893436;-2.16761530946741e-7
0;0.29;0.92;3.9475220;3.9475223;-3.49563379575812e-7
0;0.29;0.93;4.5714284;4.5714286;-1.83914059981305e-7
0;0.29;0.94;5.4166661;5.4166667;-5.38550442463759e-7
0;0.29;0.95;6.5999997;6.6000000;-3.38393394194725e-7
0;0.29;0.96;8.3749994;8.3750000;-6.21991663507515e-7
0;0.29;0.97;11.333333;11.333333;-6.46153583971909e-7
0;0.29;0.98;17.249998;17.250000;-2.46317556573672e-6
0;0.29;0.99;34.999995;35.000000;-4.78066560560819e-6
0;0.3;0.31;0.033333386;0.033333333;5.23623267176254e-8
0;0.3;0.32;0.066666781;0.066666667;1.14303077197730e-7
0;0.3;0.33;0.10000012;0.10000000;1.16935369096072e-7
0;0.3;0.34;0.13333340;0.13333333;6.90867040520349e-8
0;0.3;0.35;0.16666672;0.16666667;4.85369561209481e-8
0;0.3;0.36;0.20000004;0.20000000;4.33601040905618e-8
0;0.3;0.37;0.23333336;0.23333333;2.72359064745764e-8
0;0.3;0.38;0.26666667;0.26666667;5.76417358288950e-9
0;0.3;0.39;0.30000002;0.30000000;1.82971962581213e-8
0;0.3;0.4;0.33333340;0.33333333;6.67940727172578e-8
0;0.3;0.41;0.36666675;0.36666667;8.35166087953532e-8
0;0.3;0.42;0.40000004;0.40000000;3.51003839882402e-8
0;0.3;0.43;0.43333333;0.43333333;1.52877538406315e-9
0;0.3;0.44;0.46666668;0.46666667;1.04404018763660e-8
0;0.3;0.45;0.50000010;0.50000000;9.66332465157649e-8
0;0.3;0.46;0.53333337;0.53333333;3.71980105606795e-8
0;0.3;0.47;0.56666667;0.56666667;3.52946238901808e-9
0;0.3;0.48;0.60000006;0.60000000;5.90675635070426e-8
0;0.3;0.49;0.63333337;0.63333333;4.08064806389774e-8
0;0.3;0.5;0.66666667;0.66666667;3.46240991433433e-9
0;0.3;0.51;0.69999995;0.70000000;-4.50052866085571e-8
0;0.3;0.52;0.73333329;0.73333333;-4.07036909733094e-8
0;0.3;0.53;0.76666664;0.76666667;-2.96153688239542e-8
0;0.3;0.54;0.80000002;0.80000000;1.53546482195566e-8
0;0.3;0.55;0.83333328;0.83333333;-4.97973922097827e-8
0;0.3;0.56;0.86666664;0.86666667;-2.75270219951551e-8
0;0.3;0.57;0.90000001;0.90000000;1.08823186018014e-8
0;0.3;0.58;0.93333327;0.93333333;-6.53451253107562e-8
0;0.3;0.59;0.96666665;0.96666667;-1.63352849025244e-8
0;0.3;0.6;0.99999988;1.0000000;-1.18394655412857e-7
0;0.3;0.61;1.0333333;1.0333333;-2.64267405736263e-8
0;0.3;0.62;1.0666666;1.0666667;-2.62326598221563e-8
0;0.3;0.63;1.0999999;1.1000000;-5.66060134321589e-8
0;0.3;0.64;1.1333334;1.1333333;4.31263291744699e-8
0;0.3;0.65;1.1666666;1.1666667;-5.90229429775491e-8
0;0.3;0.66;1.2000000;1.2000000;-2.93131896533794e-8
0;0.3;0.67;1.2333332;1.2333333;-1.25396885986007e-7
0;0.3;0.68;1.2666665;1.2666667;-1.82210776022984e-7
0;0.3;0.69;1.3000000;1.3000000;-3.93145767052516e-8
0;0.3;0.7;1.3333333;1.3333333;-7.38947769640674e-9
0;0.3;0.71;1.3670661;1.3670661;5.08660336073774e-8
0;0.3;0.72;1.4017246;1.4017247;-9.28257015697653e-8
0;0.3;0.73;1.4375272;1.4375273;-5.44859670714715e-8
0;0.3;0.74;1.4747357;1.4747356;8.39618861103730e-8
0;0.3;0.75;1.5136647;1.5136647;4.73573695813911e-8
0;0.3;0.76;1.5546958;1.5546958;2.60818611153013e-9
0;0.3;0.77;1.5982928;1.5982928;2.81216256947658e-8
0;0.3;0.78;1.6450233;1.6450232;7.84360008054819e-8
0;0.3;0.79;1.6955865;1.6955865;-6.99657323188774e-8
0;0.3;0.8;1.7508504;1.7508504;-5.10796893671284e-8
0;0.3;0.81;1.8119005;1.8119007;-1.33123112533440e-7
0;0.3;0.82;1.8801081;1.8801081;-2.82709824439564e-8
0;0.3;0.83;1.9572214;1.9572215;-1.20908291600941e-7
0;0.3;0.84;2.0454969;2.0454970;-8.65265485927580e-8
0;0.3;0.85;2.1478836;2.1478836;3.68862407285064e-9
0;0.3;0.86;2.2682929;2.2682929;1.83201160908197e-8
0;0.3;0.87;2.4120009;2.4120010;-1.04112523935385e-7
0;0.3;0.88;2.5862631;2.5862632;-8.37037839040988e-8
0;0.3;0.89;2.8012834;2.8012835;-8.45576901831180e-8
0;0.3;0.9;3.0717964;3.0717968;-3.54537011748590e-7
0;0.3;0.91;3.4197608;3.4197609;-1.22713767147786e-7
0;0.3;0.92;3.8791676;3.8791678;-1.14127229444705e-7
0;0.3;0.93;4.4999998;4.5000000;-2.09428450581584e-7
0;0.3;0.94;5.3333327;5.3333333;-6.26193453534540e-7
0;0.3;0.95;6.4999998;6.5000000;-2.18350285408064e-7
0;0.3;0.96;8.2499993;8.2500000;-7.22390364416015e-7
0;0.3;0.97;11.166666;11.166667;-9.25481488778246e-7
0;0.3;0.98;16.999998;17.000000;-1.58817687179180e-6
0;0.3;0.99;34.499994;34.500000;-6.00620334267887e-6
0;0.31;0.32;0.032258141;0.032258065;7.65725491139180e-8
0;0.31;0.33;0.064516149;0.064516129;2.00129455646403e-8
0;0.31;0.34;0.096774307;0.096774194;1.13115429023480e-7
0;0.31;0.35;0.12903228;0.12903226;2.42973798858515e-8
0;0.31;0.36;0.16129036;0.16129032;3.35137995410850e-8
0;0.31;0.37;0.19354848;0.19354839;8.83253773453774e-8
0;0.31;0.38;0.22580653;0.22580645;7.71013066447335e-8
0;0.31;0.39;0.25806460;0.25806452;8.00116961019448e-8
0;0.31;0.4;0.29032263;0.29032258;5.14025372821969e-8
0;0.31;0.41;0.32258062;0.32258065;-2.71766797954598e-8
0;0.31;0.42;0.35483874;0.35483871;2.57895451660772e-8
0;0.31;0.43;0.38709679;0.38709677;1.80223175827443e-8
0;0.31;0.44;0.41935482;0.41935484;-1.98420627151030e-8
0;0.31;0.45;0.45161292;0.45161290;1.46185441529667e-8
0;0.31;0.46;0.48387104;0.48387097;7.60936171850801e-8
0;0.31;0.47;0.51612900;0.51612903;-3.51842568413474e-8
0;0.31;0.48;0.54838713;0.54838710;3.00335398772944e-8
0;0.31;0.49;0.58064515;0.58064516;-1.41847317225441e-8
0;0.31;0.5;0.61290314;0.61290323;-8.18829222204442e-8
0;0.31;0.51;0.64516131;0.64516129;1.54307489008687e-8
0;0.31;0.52;0.67741933;0.67741936;-2.12717899961135e-8
0;0.31;0.53;0.70967738;0.70967742;-4.07412183989209e-8
0;0.31;0.54;0.74193551;0.74193548;2.46266951275942e-8
0;0.31;0.55;0.77419353;0.77419355;-1.59489850215522e-8
0;0.31;0.56;0.80645163;0.80645161;1.60641601132383e-8
0;0.31;0.57;0.83870958;0.83870968;-1.01438461186376e-7
0;0.31;0.58;0.87096769;0.87096774;-4.81110894456904e-8
0;0.31;0.59;0.90322568;0.90322581;-1.25989242816260e-7
0;0.31;0.6;0.93548383;0.93548387;-4.11058697080691e-8
0;0.31;0.61;0.96774181;0.96774194;-1.22091163512472e-7
0;0.31;0.62;0.99999991;1.0000000;-9.12238854455794e-8
0;0.31;0.63;1.0322580;1.0322581;-4.87020546113826e-8
0;0.31;0.64;1.0645160;1.0645161;-1.03187652644721e-7
0;0.31;0.65;1.0967741;1.0967742;-7.60559384360704e-8
0;0.31;0.66;1.1290323;1.1290323;6.30619418906520e-8
0;0.31;0.67;1.1612902;1.1612903;-1.36556772556418e-7
0;0.31;0.68;1.1935482;1.1935484;-1.71197104492649e-7
0;0.31;0.69;1.2258066;1.2258065;1.13983000593620e-7
0;0.31;0.7;1.2584083;1.2584083;6.16629196592555e-8
0;0.31;0.71;1.2918061;1.2918061;-3.47054625038368e-8
0;0.31;0.72;1.3261857;1.3261856;6.44220836676368e-8
0;0.31;0.73;1.3617682;1.3617682;1.67346090318432e-8
0;0.31;0.74;1.3988189;1.3988189;-4.76054196063558e-8
0;0.31;0.75;1.4376563;1.4376564;-9.05461789990625e-8
0;0.31;0.76;1.4786657;1.4786657;-6.39781350120217e-8
0;0.31;0.77;1.5223148;1.5223149;-9.79889609453721e-8
0;0.31;0.78;1.5691756;1.5691757;-1.12260885920534e-7
0;0.31;0.79;1.6199518;1.6199518;1.15058105265575e-8
0;0.31;0.8;1.6755156;1.6755156;2.82460543843399e-9
0;0.31;0.81;1.7369571;1.7369572;-7.87625471510012e-8
0;0.31;0.82;1.8056514;1.8056516;-1.72457350178234e-7
0;0.31;0.83;1.8833510;1.8833511;-9.91253097382128e-8
0;0.31;0.84;1.9723144;1.9723143;3.47129605060559e-8
0;0.31;0.85;2.0754907;2.0754909;-2.02809348426314e-7
0;0.31;0.86;2.1967894;2.1967896;-1.29932652193077e-7
0;0.31;0.87;2.3414779;2.3414781;-2.34712264735037e-7
0;0.31;0.88;2.5167946;2.5167947;-1.10576988010536e-7
0;0.31;0.89;2.7329103;2.7329106;-2.41193700567521e-7
0;0.31;0.9;3.0045019;3.0045020;-5.83781618601620e-8
0;0.31;0.91;3.3534220;3.3534223;-3.74317791873580e-7
0;0.31;0.92;3.8134756;3.8134761;-5.05213510582081e-7
0;0.31;0.93;4.4285711;4.4285714;-3.11250152762454e-7
0;0.31;0.94;5.2499997;5.2500000;-2.70054110629303e-7
0;0.31;0.95;6.3999991;6.4000000;-8.97827343138147e-7
0;0.31;0.96;8.1249995;8.1250000;-4.62327816919128e-7
0;0.31;0.97;10.999999;11.000000;-7.96380193790469e-7
0;0.31;0.98;16.749999;16.750000;-1.27679314587681e-6
0;0.31;0.99;33.999996;34.000000;-3.69742077310775e-6
0;0.32;0.33;0.031250100;0.031250000;1.00119085605366e-7
0;0.32;0.34;0.062500102;0.062500000;1.02044228247888e-7
0;0.32;0.35;0.093750077;0.093750000;7.71852226716385e-8
0;0.32;0.36;0.12500006;0.12500000;6.37213984633345e-8
0;0.32;0.37;0.15625007;0.15625000;6.59622998999687e-8
0;0.32;0.38;0.18750010;0.18750000;9.54810323305910e-8
0;0.32;0.39;0.21875005;0.21875000;4.59682413245233e-8
0;0.32;0.4;0.25000005;0.25000000;5.09281766758463e-8
0;0.32;0.41;0.28125004;0.28125000;4.32820020379587e-8
0;0.32;0.42;0.31250008;0.31250000;7.91899349983360e-8
0;0.32;0.43;0.34375001;0.34375000;9.06302188852237e-9
0;0.32;0.44;0.37500004;0.37500000;3.70697752494209e-8
0;0.32;0.45;0.40624997;0.40625000;-3.21662571023396e-8
0;0.32;0.46;0.43750006;0.43750000;6.23545943212456e-8
0;0.32;0.47;0.46874998;0.46875000;-1.98239031301561e-8
0;0.32;0.48;0.49999995;0.50000000;-5.32810554565444e-8
0;0.32;0.49;0.53125003;0.53125000;3.39364671919640e-8
0;0.32;0.5;0.56250002;0.56250000;1.82450997643357e-8
0;0.32;0.51;0.59375001;0.59375000;1.48492589335802e-8
0;0.32;0.52;0.62499996;0.62500000;-4.03428419559759e-8
0;0.32;0.53;0.65625000;0.65625000;-5.04910302456807e-9
0;0.32;0.54;0.68750001;0.68750000;6.24418472483512e-9
0;0.32;0.55;0.71874989;0.71875000;-1.05020559582059e-7
0;0.32;0.56;0.75000001;0.75000000;6.57916521262791e-9
0;0.32;0.57;0.78124995;0.78125000;-4.93078599062002e-8
0;0.32;0.58;0.81250003;0.81250000;2.94283107882265e-8
0;0.32;0.59;0.84374998;0.84375000;-1.84933899305406e-8
0;0.32;0.6;0.87499999;0.87500000;-9.64658453117551e-9
0;0.32;0.61;0.90624993;0.90625000;-6.97430062590598e-8
0;0.32;0.62;0.93749994;0.93750000;-6.33278832706807e-8
0;0.32;0.63;0.96875004;0.96875000;3.52176515727720e-8
0;0.32;0.64;0.99999998;1.0000000;-1.76632911630392e-8
0;0.32;0.65;1.0312499;1.0312500;-6.46392772640780e-8
0;0.32;0.66;1.0624999;1.0625000;-1.06810500888344e-7
0;0.32;0.67;1.0937499;1.0937500;-7.24595903278669e-8
0;0.32;0.68;1.1250000;1.1250000;1.10892821592046e-8
0;0.32;0.69;1.1565460;1.1565460;-9.37699073944032e-9
0;0.32;0.7;1.1887771;1.1887772;-1.05537854677706e-7
0;0.32;0.71;1.2218519;1.2218521;-2.29060357348487e-7
0;0.32;0.72;1.2559589;1.2559590;-1.13601889450976e-7
0;0.32;0.73;1.2913219;1.2913219;-1.60375357438625e-9
0;0.32;0.74;1.3282086;1.3282086;-2.14452684499378e-8
0;0.32;0.75;1.3669409;1.3669408;1.30302786338632e-8
0;0.32;0.76;1.4079069;1.4079069;-2.41759923191864e-9
0;0.32;0.77;1.4515776;1.4515777;-8.39329876711759e-8
0;0.32;0.78;1.4985287;1.4985286;5.18775846725106e-8
0;0.32;0.79;1.5494665;1.5494665;-1.94422025145968e-8
0;0.32;0.8;1.6052668;1.6052668;-2.07832240306516e-8
0;0.32;0.81;1.6670224;1.6670226;-1.67309461396314e-7
0;0.32;0.82;1.7361111;1.7361111;-2.97952869043883e-8
0;0.32;0.83;1.8142860;1.8142861;-3.90882963774430e-8
0;0.32;0.84;1.9038056;1.9038059;-3.01081548137461e-7
0;0.32;0.85;2.0076171;2.0076174;-2.58167808908638e-7
0;0.32;0.86;2.1296223;2.1296225;-1.56118478589207e-7
0;0.32;0.87;2.2750754;2.2750755;-1.34457585510006e-7
0;0.32;0.88;2.4511905;2.4511906;-8.54392574467511e-8
0;0.32;0.89;2.6680977;2.6680978;-4.61761082704015e-8
0;0.32;0.9;2.9404027;2.9404029;-1.28462392723350e-7
0;0.32;0.91;3.2898388;3.2898389;-2.69868105640114e-8
0;0.32;0.92;3.7500000;3.7500000;-3.01252995882351e-8
0;0.32;0.93;4.3571428;4.3571429;-5.88870792128660e-8
0;0.32;0.94;5.1666662;5.1666667;-4.51588144656512e-7
0;0.32;0.95;6.2999997;6.3000000;-3.34484256292455e-7
0;0.32;0.96;7.9999993;8.0000000;-7.39430829455046e-7
0;0.32;0.97;10.833332;10.833333;-1.60626926870577e-6
0;0.32;0.98;16.499999;16.500000;-1.32131183860906e-6
0;0.32;0.99;33.499995;33.500000;-4.93514931321215e-6
0;0.33;0.34;0.030303104;0.030303030;7.40939520224582e-8
0;0.33;0.35;0.060606077;0.060606061;1.61169643395076e-8
0;0.33;0.36;0.090909193;0.090909091;1.01613281386359e-7
0;0.33;0.37;0.12121220;0.12121212;7.83215152871941e-8
0;0.33;0.38;0.15151519;0.15151515;4.13172902002934e-8
0;0.33;0.39;0.18181817;0.18181818;-8.43973840813916e-9
0;0.33;0.4;0.21212127;0.21212121;5.28402228638924e-8
0;0.33;0.41;0.24242433;0.24242424;8.84456640704023e-8
0;0.33;0.42;0.27272730;0.27272727;2.90968736327279e-8
0;0.33;0.43;0.30303032;0.30303030;2.09078283019970e-8
0;0.33;0.44;0.33333341;0.33333333;7.99375219351361e-8
0;0.33;0.45;0.36363639;0.36363636;2.96213933381750e-8
0;0.33;0.46;0.39393941;0.39393939;1.15105827647177e-8
0;0.33;0.47;0.42424246;0.42424242;3.95387467766461e-8
0;0.33;0.48;0.45454554;0.45454545;8.39220752890668e-8
0;0.33;0.49;0.48484853;0.48484848;4.45149658800936e-8
0;0.33;0.5;0.51515146;0.51515152;-5.97282693304280e-8
0;0.33;0.51;0.54545461;0.54545455;6.87802599319554e-8
0;0.33;0.52;0.57575764;0.57575758;6.03863712367314e-8
0;0.33;0.53;0.60606056;0.60606061;-5.10063764558311e-8
0;0.33;0.54;0.63636361;0.63636364;-2.31154054786131e-8
0;0.33;0.55;0.66666662;0.66666667;-4.56209692245579e-8
0;0.33;0.56;0.69696963;0.69696970;-6.40402835205833e-8
0;0.33;0.57;0.72727272;0.72727273;-2.73572076103790e-9
0;0.33;0.58;0.75757568;0.75757576;-7.55517535200312e-8
0;0.33;0.59;0.78787882;0.78787879;3.60035273816450e-8
0;0.33;0.6;0.81818171;0.81818182;-1.07657577741449e-7
0;0.33;0.61;0.84848482;0.84848485;-2.80746511593932e-8
0;0.33;0.62;0.87878790;0.87878788;2.26746925680033e-8
0;0.33;0.63;0.90909076;0.90909091;-1.53744543762713e-7
0;0.33;0.64;0.93939386;0.93939394;-8.38955246384998e-8
0;0.33;0.65;0.96969699;0.96969697;1.74960907983746e-8
0;0.33;0.66;0.99999989;1.0000000;-1.14646591331535e-7
0;0.33;0.67;1.0303030;1.0303030;1.17483465178481e-8
0;0.33;0.68;1.0608611;1.0608610;2.34101251717078e-8
0;0.33;0.69;1.0920091;1.0920091;5.69522071725004e-8
0;0.33;0.7;1.1238831;1.1238832;-8.29297568394338e-8
0;0.33;0.71;1.1566441;1.1566440;2.24877216847830e-8
0;0.33;0.72;1.1904819;1.1904819;-2.63149844137445e-8
0;0.33;0.73;1.2256231;1.2256231;2.34405879151467e-8
0;0.33;0.74;1.2623377;1.2623377;-4.35398153086908e-8
0;0.33;0.75;1.3009499;1.3009499;-3.50322628683841e-8
0;0.33;0.76;1.3418503;1.3418503;-1.09582987128931e-9
0;0.33;0.77;1.3855125;1.3855125;4.08438534105215e-8
0;0.33;0.78;1.4325139;1.4325140;-7.96490271515182e-8
0;0.33;0.79;1.4835639;1.4835640;-1.02834771809057e-7
0;0.33;0.8;1.5395396;1.5395398;-2.24161206929807e-7
0;0.33;0.81;1.6015359;1.6015360;-4.89922022950395e-8
0;0.33;0.82;1.6709304;1.6709305;-7.34272878055720e-8
0;0.33;0.83;1.7494762;1.7494762;-1.97772049848055e-8
0;0.33;0.84;1.8394288;1.8394289;-8.91601217301030e-8
0;0.33;0.85;1.9437293;1.9437294;-1.02798944467963e-7
0;0.33;0.86;2.0662692;2.0662692;-2.35686923311107e-8
0;0.33;0.87;2.2122842;2.2122843;-8.87983233610612e-8
0;0.33;0.88;2.3889586;2.3889587;-1.06451643056005e-7
0;0.33;0.89;2.6063728;2.6063730;-2.00768070168778e-7
0;0.33;0.9;2.8790517;2.8790520;-2.96848061243082e-7
0;0.33;0.91;3.2285931;3.2285933;-1.95143847303569e-7
0;0.33;0.92;3.6874998;3.6875000;-1.53378311829044e-7
0;0.33;0.93;4.2857141;4.2857143;-1.70701840218612e-7
0;0.33;0.94;5.0833329;5.0833333;-4.45073255583850e-7
0;0.33;0.95;6.1999997;6.2000000;-3.48451050236065e-7
0;0.33;0.96;7.8749994;7.8750000;-5.90267233313568e-7
0;0.33;0.97;10.666666;10.666667;-7.80419416201994e-7
0;0.33;0.98;16.249999;16.250000;-1.33226992105051e-6
0;0.33;0.99;32.999997;33.000000;-3.43353829634907e-6
0;0.34;0.35;0.029411892;0.029411765;1.27313317242750e-7
0;0.34;0.36;0.058823621;0.058823529;9.15533518094924e-8
0;0.34;0.37;0.088235345;0.088235294;5.03612222341188e-8
0;0.34;0.38;0.11764713;0.11764706;7.14242119476127e-8
0;0.34;0.39;0.14705889;0.14705882;6.64387268534128e-8
0;0.34;0.4;0.17647066;0.17647059;7.30820018113310e-8
0;0.34;0.41;0.20588238;0.20588235;2.63622127461005e-8
0;0.34;0.42;0.23529419;0.23529412;6.96027563640289e-8
0;0.34;0.43;0.26470595;0.26470588;6.76993865411646e-8
0;0.34;0.44;0.29411768;0.29411765;2.87586629510450e-8
0;0.34;0.45;0.32352941;0.32352941;4.56224502620728e-10
0;0.34;0.46;0.35294115;0.35294118;-2.82003785878615e-8
0;0.34;0.47;0.38235294;0.38235294;3.53569701294631e-9
0;0.34;0.48;0.41176473;0.41176471;2.83102455922446e-8
0;0.34;0.49;0.44117648;0.44117647;6.87333445714700e-9
0;0.34;0.5;0.47058827;0.47058824;3.15319342858444e-8
0;0.34;0.51;0.50000004;0.50000000;4.16617126353103e-8
0;0.34;0.52;0.52941186;0.52941176;9.65054792745335e-8
0;0.34;0.53;0.55882353;0.55882353;-2.58944421460683e-10
0;0.34;0.54;0.58823529;0.58823529;-7.69530417166209e-9
0;0.34;0.55;0.61764698;0.61764706;-7.78960634884029e-8
0;0.34;0.56;0.64705884;0.64705882;1.71743246291101e-8
0;0.34;0.57;0.67647055;0.67647059;-3.99964729114188e-8
0;0.34;0.58;0.70588235;0.70588235;-1.66369296117352e-9
0;0.34;0.59;0.73529408;0.73529412;-3.37792511739821e-8
0;0.34;0.6;0.76470586;0.76470588;-1.94020952637430e-8
0;0.34;0.61;0.79411756;0.79411765;-8.84448004834226e-8
0;0.34;0.62;0.82352934;0.82352941;-7.25262078171696e-8
0;0.34;0.63;0.85294116;0.85294118;-1.92393628806187e-8
0;0.34;0.64;0.88235292;0.88235294;-2.10315428406105e-8
0;0.34;0.65;0.91176476;0.91176471;5.14500010373453e-8
0;0.34;0.66;0.94117647;0.94117647;6.46764086731366e-10
0;0.34;0.67;0.97080775;0.97080774;1.06885159611991e-8
0;0.34;0.68;1.0009472;1.0009472;1.09918856239233e-8
0;0.34;0.69;1.0317120;1.0317119;5.40354994083003e-8
0;0.34;0.7;1.0632396;1.0632396;-4.90675047259970e-8
0;0.34;0.71;1.0956925;1.0956926;-2.56741965465324e-8
0;0.34;0.72;1.1292628;1.1292628;-2.87044954472293e-8
0;0.34;0.73;1.1641785;1.1641785;4.11442617753721e-8
0;0.34;0.74;1.2007115;1.2007115;-8.35408031640839e-8
0;0.34;0.75;1.2391879;1.2391879;-2.77756564415199e-8
0;0.34;0.76;1.2800001;1.2800001;-2.18139994956346e-9
0;0.34;0.77;1.3236233;1.3236233;1.00364505595252e-8
0;0.34;0.78;1.3706366;1.3706366;7.09445568958245e-9
0;0.34;0.79;1.4217505;1.4217506;-8.48929972985246e-8
0;0.34;0.8;1.4778433;1.4778434;-7.22842699030224e-8
0;0.34;0.81;1.5400095;1.5400096;-7.87137417468387e-8
0;0.34;0.82;1.6096261;1.6096261;3.36382068866214e-8
0;0.34;0.83;1.6884431;1.6884433;-1.38830467566464e-7
0;0.34;0.84;1.7787118;1.7787118;-5.06808279787663e-8
0;0.34;0.85;1.8833640;1.8833641;-4.89064349018520e-8
0;0.34;0.86;2.0062770;2.0062771;-2.24683218696953e-8
0;0.34;0.87;2.1526642;2.1526643;-1.08662003395210e-7
0;0.34;0.88;2.3296737;2.3296739;-1.57961095759163e-7
0;0.34;0.89;2.5473295;2.5473295;-4.88346998395173e-8
0;0.34;0.9;2.8200648;2.8200648;-7.40894301465289e-8
0;0.34;0.91;3.1693279;3.1693283;-3.56679128898918e-7
0;0.34;0.92;3.6249999;3.6250000;-1.36832722485991e-7
0;0.34;0.93;4.2142856;4.2142857;-8.76520838133388e-8
0;0.34;0.94;4.9999999;5.0000000;-1.31936578107172e-7
0;0.34;0.95;6.0999998;6.1000000;-1.72139484888589e-7
0;0.34;0.96;7.7499990;7.7500000;-9.76086271364807e-7
0;0.34;0.97;10.499999;10.500000;-6.31887960622635e-7
0;0.34;0.98;15.999998;16.000000;-2.10730674510273e-6
0;0.34;0.99;32.499995;32.500000;-4.51856794114747e-6
0;0.35;0.36;0.028571473;0.028571429;4.45136630854159e-8
0;0.35;0.37;0.057142930;0.057142857;7.28047633222206e-8
0;0.35;0.38;0.085714365;0.085714286;7.88403606843957e-8
0;0.35;0.39;0.11428578;0.11428571;6.38152482662635e-8
0;0.35;0.4;0.14285724;0.14285714;9.78080337554754e-8
0;0.35;0.41;0.17142856;0.17142857;-8.12614700529402e-9
0;0.35;0.42;0.20000008;0.20000000;7.89783333454697e-8
0;0.35;0.43;0.22857151;0.22857143;8.07071764419298e-8
0;0.35;0.44;0.25714289;0.25714286;3.77482630153914e-8
0;0.35;0.45;0.28571434;0.28571429;5.15707808124155e-8
0;0.35;0.46;0.31428571;0.31428571;3.21157989091603e-10
0;0.35;0.47;0.34285721;0.34285714;7.09504476281708e-8
0;0.35;0.48;0.37142854;0.37142857;-2.74956121759651e-8
0;0.35;0.49;0.40000002;0.40000000;1.99149078894401e-8
0;0.35;0.5;0.42857139;0.42857143;-4.22422922197185e-8
0;0.35;0.51;0.45714284;0.45714286;-1.41304500322903e-8
0;0.35;0.52;0.48571432;0.48571429;3.44437860455571e-8
0;0.35;0.53;0.51428570;0.51428571;-1.39629620088400e-8
0;0.35;0.54;0.54285711;0.54285714;-3.32426666194152e-8
0;0.35;0.55;0.57142857;0.57142857;-2.26482765874891e-9
0;0.35;0.56;0.60000007;0.60000000;7.30769721402069e-8
0;0.35;0.57;0.62857137;0.62857143;-5.99931059275249e-8
0;0.35;0.58;0.65714289;0.65714286;3.68363651803705e-8
0;0.35;0.59;0.68571419;0.68571429;-9.85234421824188e-8
0;0.35;0.6;0.71428579;0.71428571;7.50998634391209e-8
0;0.35;0.61;0.74285715;0.74285714;5.45917799854578e-9
0;0.35;0.62;0.77142857;0.77142857;-3.36805183742683e-9
0;0.35;0.63;0.79999994;0.80000000;-5.65383481143655e-8
0;0.35;0.64;0.82857142;0.82857143;-8.14704681495471e-9
0;0.35;0.65;0.85714290;0.85714286;3.95541759345974e-8
0;0.35;0.66;0.88590307;0.88590307;5.91552351547620e-9
0;0.35;0.67;0.91510074;0.91510076;-1.95190649199262e-8
0;0.35;0.68;0.94483712;0.94483708;3.87529394130226e-8
0;0.35;0.69;0.97523041;0.97523042;-9.99660121348001e-9
0;0.35;0.7;1.0064197;1.0064198;-6.45853037717359e-8
0;0.35;0.71;1.0385688;1.0385688;-1.94164917477480e-8
0;0.35;0.72;1.0718709;1.0718710;-8.95916267840136e-8
0;0.35;0.73;1.1065557;1.1065558;-5.03320620737213e-8
0;0.35;0.74;1.1428966;1.1428966;3.90557957086202e-8
0;0.35;0.75;1.1812205;1.1812207;-1.43075591818587e-7
0;0.35;0.76;1.2219216;1.2219217;-3.44147199626832e-8
0;0.35;0.77;1.2654759;1.2654760;-4.54321793519341e-8
0;0.35;0.78;1.3124635;1.3124634;4.03335524978843e-8
0;0.35;0.79;1.3635948;1.3635949;-6.13253998693608e-8
0;0.35;0.8;1.4197483;1.4197483;3.29156781830875e-8
0;0.35;0.81;1.4820170;1.4820171;-6.10574879544856e-8
0;0.35;0.82;1.5517757;1.5517758;-5.80819683460021e-8
0;0.35;0.83;1.6307701;1.6307703;-1.30451449642521e-7
0;0.35;0.84;1.7212441;1.7212442;-4.21148622642420e-8
0;0.35;0.85;1.8261182;1.8261184;-1.87743365964721e-7
0;0.35;0.86;1.9492526;1.9492526;1.82082793287464e-9
0;0.35;0.87;2.0958332;2.0958334;-1.41404293163561e-7
0;0.35;0.88;2.2729675;2.2729677;-1.62419797167246e-7
0;0.35;0.89;2.4906154;2.4906155;-1.35425717306958e-7
0;0.35;0.9;2.7631098;2.7631098;-6.87624575057555e-8
0;0.35;0.91;3.1117370;3.1117371;-8.84814603807627e-8
0;0.35;0.92;3.5624997;3.5625000;-3.43951469972126e-7
0;0.35;0.93;4.1428570;4.1428571;-1.56281419805282e-7
0;0.35;0.94;4.9166664;4.9166667;-2.52821588553331e-7
0;0.35;0.95;5.9999996;6.0000000;-3.94956465754603e-7
0;0.35;0.96;7.6249997;7.6250000;-2.85458153115314e-7
0;0.35;0.97;10.333333;10.333333;-7.19679633220949e-7
0;0.35;0.98;15.749999;15.750000;-1.46304082981885e-6
0;0.35;0.99;31.999996;32.000000;-4.39907960014807e-6
0;0.36;0.37;0.027777894;0.027777778;1.16528254028719e-7
0;0.36;0.38;0.055555680;0.055555556;1.24946845279916e-7
0;0.36;0.39;0.083333455;0.083333333;1.21685738319055e-7
0;0.36;0.4;0.11111113;0.11111111;2.07228057352848e-8
0;0.36;0.41;0.13888889;0.13888889;3.50789328140699e-9
0;0.36;0.42;0.16666667;0.16666667;5.85365275695970e-9
0;0.36;0.43;0.19444448;0.19444444;3.91527653076373e-8
0;0.36;0.44;0.22222226;0.22222222;3.94177862850231e-8
0;0.36;0.45;0.25000005;0.25000000;4.61230945103530e-8
0;0.36;0.46;0.27777781;0.27777778;3.10852507068304e-8
0;0.36;0.47;0.30555557;0.30555556;1.65458763357051e-8
0;0.36;0.48;0.33333342;0.33333333;8.36997555153651e-8
0;0.36;0.49;0.36111118;0.36111111;6.69703658084941e-8
0;0.36;0.5;0.38888891;0.38888889;2.06278684689032e-8
0;0.36;0.51;0.41666672;0.41666667;5.55437214000420e-8
0;0.36;0.52;0.44444449;0.44444444;4.43539456274067e-8
0;0.36;0.53;0.47222227;0.47222222;4.97160679291397e-8
0;0.36;0.54;0.50000002;0.50000000;1.57668881284323e-8
0;0.36;0.55;0.52777775;0.52777778;-2.90550982162685e-8
0;0.36;0.56;0.55555561;0.55555556;5.20786367363968e-8
0;0.36;0.57;0.58333333;0.58333333;-7.54298301597345e-9
0;0.36;0.58;0.61111116;0.61111111;4.79912335427102e-8
0;0.36;0.59;0.63888877;0.63888889;-1.20555970206659e-7
0;0.36;0.6;0.66666652;0.66666667;-1.44368030308151e-7
0;0.36;0.61;0.69444441;0.69444444;-2.98153248756705e-8
0;0.36;0.62;0.72222228;0.72222222;5.82455924602598e-8
0;0.36;0.63;0.75000003;0.75000000;2.83267318490488e-8
0;0.36;0.64;0.77777789;0.77777778;1.09461190556104e-7
0;0.36;0.65;0.80571764;0.80571765;-1.03076004398517e-8
0;0.36;0.66;0.83403384;0.83403376;8.74380238213845e-8
0;0.36;0.67;0.86281364;0.86281372;-7.80169946423825e-8
0;0.36;0.68;0.89215970;0.89215969;7.32758631549757e-9
0;0.36;0.69;0.92219115;0.92219114;6.03017180633714e-9
0;0.36;0.7;0.95304806;0.95304812;-5.96259075447136e-8
0;0.36;0.71;0.98489536;0.98489538;-2.91673279972926e-8
0;0.36;0.72;1.0179274;1.0179274;-7.63567042927349e-8
0;0.36;0.73;1.0523748;1.0523748;-5.31811847892527e-8
0;0.36;0.74;1.0885119;1.0885119;4.81567270504968e-8
0;0.36;0.75;1.1266666;1.1266667;-1.12608483204824e-7
0;0.36;0.76;1.1672336;1.1672336;-3.52212721210776e-8
0;0.36;0.77;1.2106894;1.2106895;-1.04861969552061e-7
0;0.36;0.78;1.2576141;1.2576142;-9.54957053433958e-8
0;0.36;0.79;1.3087181;1.3087182;-3.90553176465858e-8
0;0.36;0.8;1.3648780;1.3648781;-6.33540431227431e-8
0;0.36;0.81;1.4271850;1.4271850;-2.05847436873796e-8
0;0.36;0.82;1.4970098;1.4970098;-3.44920647599167e-9
0;0.36;0.83;1.5760921;1.5760922;-1.46225918040699e-7
0;0.36;0.84;1.6666666;1.6666667;-9.95209370469041e-8
0;0.36;0.85;1.7716403;1.7716404;-5.27363881452914e-8
0;0.36;0.86;1.8948523;1.8948523;-3.50404951721117e-8
0;0.36;0.87;2.0414586;2.0414586;-1.44426488546401e-8
0;0.36;0.88;2.2185197;2.2185199;-2.39570448368198e-7
0;0.36;0.89;2.4359256;2.4359258;-2.16794752372351e-7
0;0.36;0.9;2.7078997;2.7079002;-4.69041335549036e-7
0;0.36;0.91;3.0555555;3.0555556;-4.25859223440739e-8
0;0.36;0.92;3.4999999;3.5000000;-5.87593436129907e-8
0;0.36;0.93;4.0714284;4.0714286;-1.86083799924575e-7
0;0.36;0.94;4.8333331;4.8333333;-2.39974105475937e-7
0;0.36;0.95;5.8999998;5.9000000;-2.20419412499950e-7
0;0.36;0.96;7.4999994;7.5000000;-5.61094518403138e-7
0;0.36;0.97;10.166666;10.166667;-7.88279038488326e-7
0;0.36;0.98;15.499999;15.500000;-1.00710801653747e-6
0;0.36;0.99;31.499995;31.500000;-5.25702220599555e-6
0;0.37;0.38;0.027027104;0.027027027;7.72600606373242e-8
0;0.37;0.39;0.054054124;0.054054054;7.00263046299332e-8
0;0.37;0.4;0.081081127;0.081081081;4.55237939428477e-8
0;0.37;0.41;0.10810817;0.10810811;6.58018597388121e-8
0;0.37;0.42;0.13513523;0.13513514;9.67123791884017e-8
0;0.37;0.43;0.16216226;0.16216216;9.44669566182998e-8
0;0.37;0.44;0.18918926;0.18918919;6.66458520592883e-8
0;0.37;0.45;0.21621626;0.21621622;4.30699601816631e-8
0;0.37;0.46;0.24324328;0.24324324;3.68671917161389e-8
0;0.37;0.47;0.27027027;0.27027027;3.05173991632657e-9
0;0.37;0.48;0.29729732;0.29729730;2.09659810623819e-8
0;0.37;0.49;0.32432434;0.32432432;1.70335928695309e-8
0;0.37;0.5;0.35135142;0.35135135;6.77183800146253e-8
0;0.37;0.51;0.37837845;0.37837838;6.94885851637572e-8
0;0.37;0.52;0.40540545;0.40540541;4.35342265014960e-8
0;0.37;0.53;0.43243248;0.43243243;5.23156792331392e-8
0;0.37;0.54;0.45945946;0.45945946;-4.01746930167590e-9
0;0.37;0.55;0.48648649;0.48648649;5.33918675937883e-9
0;0.37;0.56;0.51351353;0.51351351;1.37692844903725e-8
0;0.37;0.57;0.54054048;0.54054054;-6.51874835222443e-8
0;0.37;0.58;0.56756754;0.56756757;-3.08918858271667e-8
0;0.37;0.59;0.59459459;0.59459460;-2.97212787714329e-9
0;0.37;0.6;0.62162158;0.62162162;-4.29231312715217e-8
0;0.37;0.61;0.64864868;0.64864865;3.08010268401659e-8
0;0.37;0.62;0.67567565;0.67567568;-2.97806374005560e-8
0;0.37;0.63;0.70270271;0.70270270;7.52104778456442e-9
0;0.37;0.64;0.72986861;0.72986857;4.06752568293811e-8
0;0.37;0.65;0.75735748;0.75735747;9.84328052400230e-9
0;0.37;0.66;0.78524545;0.78524551;-5.73846352658336e-8
0;0.37;0.67;0.81362113;0.81362111;1.69721869891504e-8
0;0.37;0.68;0.84258726;0.84258728;-1.77585630645183e-8
0;0.37;0.69;0.87226432;0.87226429;2.59796493207176e-8
0;0.37;0.7;0.90279297;0.90279304;-7.43799769553632e-8
0;0.37;0.71;0.93433910;0.93433909;9.07465436128518e-9
0;0.37;0.72;0.96709772;0.96709771;1.11360313193032e-8
0;0.37;0.73;1.0013001;1.0013001;-3.39793622128326e-8
0;0.37;0.74;1.0372212;1.0372212;1.29968347195586e-8
0;0.37;0.75;1.0751894;1.0751894;-7.01233164868142e-8
0;0.37;0.76;1.1155994;1.1155995;-8.43157514918147e-8
0;0.37;0.77;1.1589279;1.1589279;-3.51004971754776e-8
0;0.37;0.78;1.2057541;1.2057541;-1.63320288404378e-8
0;0.37;0.79;1.2567870;1.2567871;-5.15244824583760e-8
0;0.37;0.8;1.3129014;1.3129014;-4.79206008208166e-8
0;0.37;0.81;1.3751850;1.3751850;2.42916646797653e-8
0;0.37;0.82;1.4450033;1.4450033;-2.09996509070720e-9
0;0.37;0.83;1.5240886;1.5240886;-1.87070292589908e-9
0;0.37;0.84;1.6146642;1.6146643;-1.34031128862233e-7
0;0.37;0.85;1.7196215;1.7196215;-6.59008225767366e-8
0;0.37;0.86;1.8427758;1.8427759;-6.83255108047121e-8
0;0.37;0.87;1.9892490;1.9892490;-3.32321703488958e-8
0;0.37;0.88;2.1660510;2.1660510;-6.05129324426912e-9
0;0.37;0.89;2.3829948;2.3829949;-1.55893335129775e-7
0;0.37;0.9;2.6541872;2.6541873;-1.09688700344890e-7
0;0.37;0.91;2.9999999;3.0000000;-7.60923208886766e-8
0;0.37;0.92;3.4374998;3.4375000;-1.56725632471932e-7
0;0.37;0.93;3.9999999;4.0000000;-6.31883634305552e-8
0;0.37;0.94;4.7499997;4.7500000;-2.91435370947113e-7
0;0.37;0.95;5.7999995;5.8000000;-5.04735295336900e-7
0;0.37;0.96;7.3749998;7.3750000;-2.15768493738722e-7
0;0.37;0.97;9.9999990;10.000000;-1.00872944841512e-6
0;0.37;0.98;15.249999;15.250000;-1.18892763190104e-6
0;0.37;0.99;30.999995;31.000000;-5.06946572542688e-6
0;0.38;0.39;0.026315914;0.026315789;1.24257691351548e-7
0;0.38;0.4;0.052631704;0.052631579;1.24867934540862e-7
0;0.38;0.41;0.078947534;0.078947368;1.65524525849725e-7
0;0.38;0.42;0.10526320;0.10526316;4.40196591539044e-8
0;0.38;0.43;0.13157899;0.13157895;3.89154069246889e-8
0;0.38;0.44;0.15789481;0.15789474;7.74808233128255e-8
0;0.38;0.45;0.18421061;0.18421053;8.55104623775915e-8
0;0.38;0.46;0.21052643;0.21052632;1.17649187086899e-7
0;0.38;0.47;0.23684211;0.23684211;1.31698754679554e-9
0;0.38;0.48;0.26315793;0.26315789;3.26824421970073e-8
0;0.38;0.49;0.28947375;0.28947368;6.78312188640007e-8
0;0.38;0.5;0.31578948;0.31578947;8.87217566081233e-9
0;0.38;0.51;0.34210533;0.34210526;7.10853441665549e-8
0;0.38;0.52;0.36842109;0.36842105;3.72824340844069e-8
0;0.38;0.53;0.39473686;0.39473684;1.45750774782627e-8
0;0.38;0.54;0.42105262;0.42105263;-1.59384812570273e-8
0;0.38;0.55;0.44736842;0.44736842;3.14528764144839e-9
0;0.38;0.56;0.47368429;0.47368421;8.10391305172686e-8
0;0.38;0.57;0.49999996;0.50000000;-4.48419320564497e-8
0;0.38;0.58;0.52631577;0.52631579;-2.28432747162444e-8
0;0.38;0.59;0.55263165;0.55263158;7.38954785139967e-8
0;0.38;0.6;0.57894729;0.57894737;-7.50057137510751e-8
0;0.38;0.61;0.60526313;0.60526316;-3.16511900022576e-8
0;0.38;0.62;0.63157899;0.63157895;4.69516373557965e-8
0;0.38;0.63;0.65801333;0.65801328;4.44085157536023e-8
0;0.38;0.64;0.68472431;0.68472429;1.88592127470244e-8
0;0.38;0.65;0.71177820;0.71177826;-5.75464765839584e-8
0;0.38;0.66;0.73925193;0.73925195;-1.70605204408147e-8
0;0.38;0.67;0.76723444;0.76723443;1.30455191094114e-9
0;0.38;0.68;0.79582938;0.79582936;1.87088785574829e-8
0;0.38;0.69;0.82515765;0.82515765;-6.07443617628434e-9
0;0.38;0.7;0.85536077;0.85536078;-1.74006357100964e-8
0;0.38;0.71;0.88660482;0.88660487;-4.79948278897524e-8
0;0.38;0.72;0.91908562;0.91908564;-2.69236627437053e-8
0;0.38;0.73;0.95303466;0.95303467;-1.02628585629816e-8
0;0.38;0.74;0.98872702;0.98872708;-6.15995174868544e-8
0;0.38;0.75;1.0264914;1.0264914;-2.05975254630175e-8
0;0.38;0.76;1.0667219;1.0667219;5.03961912201589e-8
0;0.38;0.77;1.1098944;1.1098944;3.64851826528678e-8
0;0.38;0.78;1.1565871;1.1565871;-1.98251957073126e-8
0;0.38;0.79;1.2075072;1.2075072;7.70603363342559e-8
0;0.38;0.8;1.2635260;1.2635261;-7.39557104445510e-8
0;0.38;0.81;1.3257272;1.3257272;-2.87683530331151e-8
0;0.38;0.82;1.3954697;1.3954698;-9.93210966804270e-8
0;0.38;0.83;1.4744772;1.4744772;-1.46149528035266e-8
0;0.38;0.84;1.5649599;1.5649599;-8.03775503932513e-8
0;0.38;0.85;1.6697908;1.6697908;-2.02545269445409e-8
0;0.38;0.86;1.7927592;1.7927594;-1.70432131296749e-7
0;0.38;0.87;1.9389496;1.9389497;-3.66753369895889e-8
0;0.38;0.88;2.1153165;2.1153166;-4.61344922264573e-8
0;0.38;0.89;2.3315910;2.3315911;-9.16877964662888e-8
0;0.38;0.9;2.6017545;2.6017547;-1.23755909964274e-7
0;0.38;0.91;2.9444444;2.9444444;-6.41311004301315e-9
0;0.38;0.92;3.3749999;3.3750000;-9.90341124662564e-8
0;0.38;0.93;3.9285713;3.9285714;-1.66974589266289e-7
0;0.38;0.94;4.6666666;4.6666667;-3.33441150246472e-8
0;0.38;0.95;5.6999998;5.7000000;-1.64431162907874e-7
0;0.38;0.96;7.2499997;7.2500000;-3.34509170585306e-7
0;0.38;0.97;9.8333328;9.8333333;-5.03974751708824e-7
0;0.38;0.98;14.999999;15.000000;-1.28606804139508e-6
0;0.38;0.99;30.499996;30.500000;-3.62251664753899e-6
0;0.39;0.4;0.025641185;0.025641026;1.58980482441867e-7
0;0.39;0.41;0.051282124;0.051282051;7.24433934021218e-8
0;0.39;0.42;0.076923140;0.076923077;6.31460976979747e-8
0;0.39;0.43;0.10256417;0.10256410;6.93624444408902e-8
0;0.39;0.44;0.12820521;0.12820513;8.61325943901647e-8
0;0.39;0.45;0.15384622;0.15384615;6.70574284711289e-8
0;0.39;0.46;0.17948723;0.17948718;4.89365213074411e-8
0;0.39;0.47;0.20512826;0.20512821;5.64344276310358e-8
0;0.39;0.48;0.23076925;0.23076923;1.83675496756575e-8
0;0.39;0.49;0.25641033;0.25641026;6.92235854748979e-8
0;0.39;0.5;0.28205136;0.28205128;8.30490519132532e-8
0;0.39;0.51;0.30769238;0.30769231;7.12642148070763e-8
0;0.39;0.52;0.33333332;0.33333333;-1.29972351214924e-8
0;0.39;0.53;0.35897440;0.35897436;4.43643921599346e-8
0;0.39;0.54;0.38461544;0.38461538;5.64850126671956e-8
0;0.39;0.55;0.41025638;0.41025641;-2.89197935043894e-8
0;0.39;0.56;0.43589740;0.43589744;-3.21441551154322e-8
0;0.39;0.57;0.46153848;0.46153846;2.23995685333378e-8
0;0.39;0.58;0.48717947;0.48717949;-1.91463493948163e-8
0;0.39;0.59;0.51282046;0.51282051;-5.21075886883438e-8
0;0.39;0.6;0.53846155;0.53846154;1.26390113930341e-8
0;0.39;0.61;0.56410258;0.56410256;1.54906450999803e-8
0;0.39;0.62;0.58984430;0.58984437;-7.05803309131170e-8
0;0.39;0.63;0.61582232;0.61582238;-5.64996261998019e-8
0;0.39;0.64;0.64209452;0.64209444;7.56388475187109e-8
0;0.39;0.65;0.66872732;0.66872737;-5.37841194914179e-8
0;0.39;0.66;0.69579838;0.69579843;-5.40224744938200e-8
0;0.39;0.67;0.72339715;0.72339720;-5.29429035056594e-8
0;0.39;0.68;0.75162779;0.75162779;2.83930789990450e-9
0;0.39;0.69;0.78061156;0.78061155;1.30230668471398e-8
0;0.39;0.7;0.81049026;0.81049035;-9.29851345921051e-8
0;0.39;0.71;0.84143059;0.84143061;-2.15499289524246e-8
0;0.39;0.72;0.87362830;0.87362826;3.21737589903393e-8
0;0.39;0.73;0.90731492;0.90731493;-3.72582231733531e-9
0;0.39;0.74;0.94276556;0.94276562;-5.74616060289301e-8
0;0.39;0.75;0.98030837;0.98030843;-6.24914714419944e-8
0;0.39;0.76;1.0203368;1.0203369;-5.84404216130707e-8
0;0.39;0.77;1.0633257;1.0633257;-7.05686888924362e-8
0;0.39;0.78;1.1098512;1.1098512;-2.10813966283752e-8
0;0.39;0.79;1.1606177;1.1606177;-4.04010158661094e-10
0;0.39;0.8;1.2164931;1.2164931;-6.15670172621208e-8
0;0.39;0.81;1.2785553;1.2785554;-7.87703553495334e-8
0;0.39;0.82;1.3481561;1.3481563;-1.93754294830484e-7
0;0.39;0.83;1.4270087;1.4270087;-6.73201627776621e-8
0;0.39;0.84;1.5173087;1.5173088;-1.41324975277968e-7
0;0.39;0.85;1.6219091;1.6219092;-4.30023907593835e-8
0;0.39;0.86;1.7445706;1.7445706;-5.40750226818432e-8
0;0.39;0.87;1.8903364;1.8903365;-1.11155865178958e-7
0;0.39;0.88;2.0661022;2.0661022;-8.32649869053625e-8
0;0.39;0.89;2.2815116;2.2815116;1.31267858805018e-8
0;0.39;0.9;2.5504138;2.5504138;-2.33493415713326e-8
0;0.39;0.91;2.8888888;2.8888889;-1.28853776093507e-7
0;0.39;0.92;3.3124999;3.3125000;-8.86939210964499e-8
0;0.39;0.93;3.8571427;3.8571429;-1.35207624651912e-7
0;0.39;0.94;4.5833331;4.5833333;-2.32319202098097e-7
0;0.39;0.95;5.5999996;5.6000000;-3.86123105933223e-7
0;0.39;0.96;7.1249997;7.1250000;-3.29556666400777e-7
0;0.39;0.97;9.6666661;9.6666667;-6.03063311288565e-7
0;0.39;0.98;14.749999;14.750000;-1.18263289294873e-6
0;0.39;0.99;29.999996;30.000000;-4.38625832899220e-6
0;0.4;0.41;0.025000079;0.025000000;7.86981603946579e-8
0;0.4;0.42;0.050000039;0.050000000;3.94726069746776e-8
0;0.4;0.43;0.075000122;0.075000000;1.21692168161824e-7
0;0.4;0.44;0.10000009;0.10000000;9.26218234192921e-8
0;0.4;0.45;0.12500007;0.12500000;7.48321466736979e-8
0;0.4;0.46;0.15000008;0.15000000;7.79933082006856e-8
0;0.4;0.47;0.17500001;0.17500000;1.37719383952462e-8
0;0.4;0.48;0.20000009;0.20000000;8.88288740064080e-8
0;0.4;0.49;0.22500009;0.22500000;9.13353103704218e-8
0;0.4;0.5;0.25000002;0.25000000;2.36740975712024e-8
0;0.4;0.51;0.27500005;0.27500000;4.64944238665055e-8
0;0.4;0.52;0.30000002;0.30000000;1.52057797464522e-8
0;0.4;0.53;0.32499999;0.32500000;-1.41360165795135e-8
0;0.4;0.54;0.35000002;0.35000000;2.23276056532384e-8
0;0.4;0.55;0.37500006;0.37500000;5.73459775221608e-8
0;0.4;0.56;0.39999995;0.40000000;-4.67235935497357e-8
0;0.4;0.57;0.42500001;0.42500000;6.52444392956752e-9
0;0.4;0.58;0.45000007;0.45000000;6.99248828839316e-8
0;0.4;0.59;0.47500001;0.47500000;5.34936861473767e-9
0;0.4;0.6;0.50000004;0.50000000;3.50426773154666e-8
0;0.4;0.61;0.52508524;0.52508520;3.98361058584484e-8
0;0.4;0.62;0.55037116;0.55037118;-2.37802542102372e-8
0;0.4;0.63;0.57590855;0.57590856;-3.59652230219609e-9
0;0.4;0.64;0.60175563;0.60175560;3.24080803304483e-8
0;0.4;0.65;0.62797954;0.62797950;3.82402352006039e-8
0;0.4;0.66;0.65465786;0.65465791;-4.98749089805628e-8
0;0.4;0.67;0.68188070;0.68188073;-3.87706804438892e-8
0;0.4;0.68;0.70975235;0.70975242;-6.21831134361983e-8
0;0.4;0.69;0.73839459;0.73839455;3.82528398956694e-8
0;0.4;0.7;0.76794918;0.76794919;-1.51946096815792e-8
0;0.4;0.71;0.79858272;0.79858284;-1.16873963174058e-7
0;0.4;0.72;0.83049137;0.83049137;-5.54978618616531e-10
0;0.4;0.73;0.86390629;0.86390618;1.07789144720982e-7
0;0.4;0.74;0.89910185;0.89910182;3.50680101623979e-8
0;0.4;0.75;0.93640560;0.93640564;-4.12439153940625e-8
0;0.4;0.76;0.97620993;0.97620999;-6.64402736161307e-8
0;0.4;0.77;1.0189878;1.0189879;-8.32043673959504e-8
0;0.4;0.78;1.0653132;1.0653132;-2.62257104921559e-9
0;0.4;0.79;1.1158872;1.1158872;-1.06862425575116e-8
0;0.4;0.8;1.1715728;1.1715729;-3.38602237359709e-8
0;0.4;0.81;1.2334420;1.2334421;-9.63845894208504e-8
0;0.4;0.82;1.3028382;1.3028382;1.32683708464754e-9
0;0.4;0.83;1.3814623;1.3814623;-3.53738420777461e-8
0;0.4;0.84;1.4714946;1.4714946;-1.21080812043317e-9
0;0.4;0.85;1.5757652;1.5757654;-2.10889842922057e-7
0;0.4;0.86;1.6980047;1.6980047;2.77637282053433e-8
0;0.4;0.87;1.8432118;1.8432119;-1.62827674010657e-7
0;0.4;0.88;2.0182194;2.0182195;-1.37449634340925e-7
0;0.4;0.89;2.2325787;2.2325788;-2.31761521085616e-8
0;0.4;0.9;2.5000000;2.5000000;-3.97358790316105e-8
0;0.4;0.91;2.8333332;2.8333333;-9.12334821023819e-8
0;0.4;0.92;3.2500000;3.2500000;-2.72306373005904e-8
0;0.4;0.93;3.7857141;3.7857143;-1.34528076234375e-7
0;0.4;0.94;4.4999998;4.5000000;-1.73756902199784e-7
0;0.4;0.95;5.4999998;5.5000000;-1.81016004852097e-7
0;0.4;0.96;6.9999995;7.0000000;-5.23466352042590e-7
0;0.4;0.97;9.4999994;9.5000000;-5.50533192367197e-7
0;0.4;0.98;14.499998;14.500000;-2.12022018608593e-6
0;0.4;0.99;29.499996;29.500000;-3.82520121178231e-6
0;0.41;0.42;0.024390327;0.024390244;8.28657588033965e-8
0;0.41;0.43;0.048780525;0.048780488;3.72568445886068e-8
0;0.41;0.44;0.073170847;0.073170732;1.15621469551352e-7
0;0.41;0.45;0.097561084;0.097560976;1.07961839176940e-7
0;0.41;0.46;0.12195127;0.12195122;5.42791438878920e-8
0;0.41;0.47;0.14634145;0.14634146;-9.40935704352164e-9
0;0.41;0.48;0.17073175;0.17073171;4.64156938162485e-8
0;0.41;0.49;0.19512207;0.19512195;1.18193779069520e-7
0;0.41;0.5;0.21951224;0.21951220;4.12919364811692e-8
0;0.41;0.51;0.24390247;0.24390244;3.21390724311588e-8
0;0.41;0.52;0.26829269;0.26829268;1.15004049616729e-8
0;0.41;0.53;0.29268290;0.29268293;-2.47540056230733e-8
0;0.41;0.54;0.31707325;0.31707317;7.71513295472204e-8
0;0.41;0.55;0.34146345;0.34146341;3.61763630163381e-8
0;0.41;0.56;0.36585370;0.36585366;4.62417594770947e-8
0;0.41;0.57;0.39024397;0.39024390;6.40283663311259e-8
0;0.41;0.58;0.41463416;0.41463415;1.01289033827001e-8
0;0.41;0.59;0.43902447;0.43902439;7.80571877134761e-8
0;0.41;0.6;0.46348612;0.46348615;-2.73954716689673e-8
0;0.41;0.61;0.48811766;0.48811762;3.88707026566237e-8
0;0.41;0.62;0.51296320;0.51296318;2.30371427489828e-8
0;0.41;0.63;0.53807376;0.53807376;-2.71624611691834e-9
0;0.41;0.64;0.56350792;0.56350793;-1.19436740497747e-8
0;0.41;0.65;0.58933325;0.58933317;8.05500475209442e-8
0;0.41;0.66;0.61562735;0.61562735;3.69740904559990e-10
0;0.41;0.67;0.64248066;0.64248063;2.86961261419805e-8
0;0.41;0.68;0.66999758;0.66999757;7.45844330740653e-9
0;0.41;0.69;0.69829988;0.69829987;1.70912788366451e-8
0;0.41;0.7;0.72752959;0.72752956;2.35618742294719e-8
0;0.41;0.71;0.75785305;0.75785302;2.77775289436732e-8
0;0.41;0.72;0.78946584;0.78946584;3.72370445589354e-9
0;0.41;0.73;0.82259892;0.82259891;1.08482399729937e-8
0;0.41;0.74;0.85752600;0.85752602;-2.89872927883295e-8
0;0.41;0.75;0.89457339;0.89457342;-3.64491328230798e-8
0;0.41;0.76;0.93413188;0.93413191;-3.06870013844218e-8
0;0.41;0.77;0.97667225;0.97667236;-1.06735572380501e-7
0;0.41;0.78;1.0227657;1.0227657;-5.85849941892036e-8
0;0.41;0.79;1.0731092;1.0731093;-6.87592622838906e-8
0;0.41;0.8;1.1285609;1.1285609;5.41846727486472e-8
0;0.41;0.81;1.1901853;1.1901852;7.54593445506657e-8
0;0.41;0.82;1.2593160;1.2593161;-6.92294108706193e-8
0;0.41;0.83;1.3376418;1.3376418;-4.88406530774199e-8
0;0.41;0.84;1.4273250;1.4273251;-5.57300026127194e-8
0;0.41;0.85;1.5311723;1.5311723;2.13316675434783e-8
0;0.41;0.86;1.6528803;1.6528802;4.93692351444253e-8
0;0.41;0.87;1.7974014;1.7974016;-2.55601285914508e-7
0;0.41;0.88;1.9715021;1.9715023;-2.37234030420197e-7
0;0.41;0.89;2.1846362;2.1846363;-1.73525894986426e-7
0;0.41;0.9;2.4499999;2.4500000;-1.28313348835007e-7
0;0.41;0.91;2.7777777;2.7777778;-1.06090715323859e-7
0;0.41;0.92;3.1874998;3.1875000;-1.96462695889466e-7
0;0.41;0.93;3.7142853;3.7142857;-3.99216104174371e-7
0;0.41;0.94;4.4166663;4.4166667;-3.58540890310621e-7
0;0.41;0.95;5.3999999;5.4000000;-1.16662051574679e-7
0;0.41;0.96;6.8749998;6.8750000;-1.54139834229738e-7
0;0.41;0.97;9.3333323;9.3333333;-1.05699308683427e-6
0;0.41;0.98;14.249999;14.250000;-1.16874601907568e-6
0;0.41;0.99;28.999997;29.000000;-3.33819491515897e-6
0;0.42;0.43;0.023809661;0.023809524;1.36766528022886e-7
0;0.42;0.44;0.047619178;0.047619048;1.30156681106552e-7
0;0.42;0.45;0.071428616;0.071428571;4.44310105374157e-8
0;0.42;0.46;0.095238161;0.095238095;6.55771866669985e-8
0;0.42;0.47;0.11904770;0.11904762;7.66194628715189e-8
0;0.42;0.48;0.14285724;0.14285714;9.25958903996715e-8
0;0.42;0.49;0.16666669;0.16666667;2.33704922636413e-8
0;0.42;0.5;0.19047624;0.19047619;5.15316589955184e-8
0;0.42;0.51;0.21428580;0.21428571;8.47924330193983e-8
0;0.42;0.52;0.23809529;0.23809524;5.37588632221198e-8
0;0.42;0.53;0.26190479;0.26190476;3.11432917787791e-8
0;0.42;0.54;0.28571432;0.28571429;2.96760348517111e-8
0;0.42;0.55;0.30952390;0.30952381;8.88549951394424e-8
0;0.42;0.56;0.33333338;0.33333333;5.05474310741327e-8
0;0.42;0.57;0.35714286;0.35714286;2.62421345764707e-9
0;0.42;0.58;0.38095245;0.38095238;7.37296090846939e-8
0;0.42;0.59;0.40482140;0.40482138;2.23350433703473e-8
0;0.42;0.6;0.42883286;0.42883279;7.10068989162593e-8
0;0.42;0.61;0.45302561;0.45302559;2.03664923259517e-8
0;0.42;0.62;0.47744441;0.47744439;2.13081196021037e-8
0;0.42;0.63;0.50214041;0.50214036;5.37791011723243e-8
0;0.42;0.64;0.52717227;0.52717226;1.16679675921105e-8
0;0.42;0.65;0.55260767;0.55260773;-5.90679684053796e-8
0;0.42;0.66;0.57852481;0.57852480;7.65733521035372e-9
0;0.42;0.67;0.60501369;0.60501368;1.53820183257380e-8
0;0.42;0.68;0.63217898;0.63217895;3.10224612665166e-8
0;0.42;0.69;0.66014223;0.66014224;-1.25180674714898e-8
0;0.42;0.7;0.68904543;0.68904539;4.34944311678009e-8
0;0.42;0.71;0.71905443;0.71905444;-9.64049617913076e-9
0;0.42;0.72;0.75036450;0.75036447;3.31133644948522e-8
0;0.42;0.73;0.78320568;0.78320562;5.97588547535111e-8
0;0.42;0.74;0.81785063;0.81785065;-1.57010383583511e-8
0;0.42;0.75;0.85462441;0.85462435;5.85980659550955e-8
0;0.42;0.76;0.89391561;0.89391561;8.31443236481988e-9
0;0.42;0.77;0.93619273;0.93619271;1.90320874615679e-8
0;0.42;0.78;0.98202328;0.98202325;3.25335296480489e-8
0;0.42;0.79;1.0320999;1.0320999;-2.79371072942070e-8
0;0.42;0.8;1.0872746;1.0872747;-8.20527898959256e-8
0;0.42;0.81;1.1486044;1.1486044;-1.18092642331646e-8
0;0.42;0.82;1.2174122;1.2174123;-6.73145383878193e-8
0;0.42;0.83;1.2953727;1.2953728;-8.88713156399490e-8
0;0.42;0.84;1.3846296;1.3846297;-6.08373351695946e-9
0;0.42;0.85;1.4879634;1.4879637;-2.90979833117433e-7
0;0.42;0.86;1.6090363;1.6090364;-8.38764464550223e-8
0;0.42;0.87;1.7527511;1.7527512;-3.00327485103224e-8
0;0.42;0.88;1.9258038;1.9258038;-4.96790475423836e-8
0;0.42;0.89;2.1375466;2.1375467;-9.35710500193920e-8
0;0.42;0.9;2.3999999;2.4000000;-6.59286549797855e-8
0;0.42;0.91;2.7222221;2.7222222;-9.40823055017859e-8
0;0.42;0.92;3.1249999;3.1250000;-1.46269910850094e-7
0;0.42;0.93;3.6428570;3.6428571;-1.02293927106700e-7
0;0.42;0.94;4.3333332;4.3333333;-1.79530782240533e-7
0;0.42;0.95;5.2999996;5.3000000;-4.32052273069417e-7
0;0.42;0.96;6.7499994;6.7500000;-5.66807253576940e-7
0;0.42;0.97;9.1666659;9.1666667;-7.43497665212089e-7
0;0.42;0.98;13.999998;14.000000;-1.52997061242388e-6
0;0.42;0.99;28.499996;28.500000;-4.21912737991192e-6
0;0.43;0.44;0.023255927;0.023255814;1.13161975331955e-7
0;0.43;0.45;0.046511750;0.046511628;1.22544299881178e-7
0;0.43;0.46;0.069767576;0.069767442;1.34038126112235e-7
0;0.43;0.47;0.093023382;0.093023256;1.26567244906894e-7
0;0.43;0.48;0.11627917;0.11627907;1.01458046741776e-7
0;0.43;0.49;0.13953493;0.13953488;4.55616149530602e-8
0;0.43;0.5;0.16279074;0.16279070;3.75481466474703e-8
0;0.43;0.51;0.18604656;0.18604651;4.81893198123196e-8
0;0.43;0.52;0.20930237;0.20930233;4.65125520598964e-8
0;0.43;0.53;0.23255817;0.23255814;2.67909852080805e-8
0;0.43;0.54;0.25581399;0.25581395;3.92704354035267e-8
0;0.43;0.55;0.27906981;0.27906977;3.84679637588370e-8
0;0.43;0.56;0.30232565;0.30232558;6.49376498684795e-8
0;0.43;0.57;0.32558151;0.32558140;1.18995964526469e-7
0;0.43;0.58;0.34888613;0.34888607;6.07726445833734e-8
0;0.43;0.59;0.37230913;0.37230914;-6.50861320394824e-9
0;0.43;0.6;0.39588490;0.39588488;2.20256842764499e-8
0;0.43;0.61;0.41965241;0.41965244;-2.79584080331574e-8
0;0.43;0.62;0.44365656;0.44365661;-4.61933074014098e-8
0;0.43;0.63;0.46794871;0.46794868;2.89930400243499e-8
0;0.43;0.64;0.49258758;0.49258753;5.17411078426733e-8
0;0.43;0.65;0.51764088;0.51764087;1.03916232285783e-8
0;0.43;0.66;0.54318680;0.54318673;6.37049564211623e-8
0;0.43;0.67;0.56931530;0.56931530;1.81154102829595e-9
0;0.43;0.68;0.59613102;0.59613103;-1.70996403703327e-8
0;0.43;0.69;0.62375526;0.62375531;-4.91614512432292e-8
0;0.43;0.7;0.65232959;0.65232963;-3.61318670538679e-8
0;0.43;0.71;0.68201947;0.68201950;-3.62333846259943e-8
0;0.43;0.72;0.71301929;0.71301928;1.95662508417627e-9
0;0.43;0.73;0.74555810;0.74555814;-3.18431673251851e-8
0;0.43;0.74;0.77990745;0.77990748;-2.92804738233343e-8
0;0.43;0.75;0.81639035;0.81639039;-3.99322414024184e-8
0;0.43;0.76;0.85539342;0.85539346;-4.36765753564217e-8
0;0.43;0.77;0.89738200;0.89738202;-1.21622759641227e-8
0;0.43;0.78;0.94291973;0.94291976;-2.60357290171598e-8
0;0.43;0.79;0.99269433;0.99269435;-1.21998283697522e-8
0;0.43;0.8;1.0475511;1.0475512;-7.77086670566973e-8
0;0.43;0.81;1.1085384;1.1085384;-4.47872632314272e-8
0;0.43;0.82;1.1769680;1.1769681;-4.86821121192804e-8
0;0.43;0.83;1.2544994;1.2544994;-2.58233212591108e-10
0;0.43;0.84;1.3432561;1.3432561;3.39312422603655e-9
0;0.43;0.85;1.4459915;1.4459916;-7.90110714632419e-8
0;0.43;0.86;1.5663302;1.5663302;-6.38871930913609e-8
0;0.43;0.87;1.7091236;1.7091236;-2.70950506475742e-9
0;0.43;0.88;1.8809942;1.8809942;5.40524114356344e-9
0;0.43;0.89;2.0911884;2.0911886;-1.13403325840977e-7
0;0.43;0.9;2.3500000;2.3500000;-3.29365463791476e-8
0;0.43;0.91;2.6666665;2.6666667;-1.22657084045130e-7
0;0.43;0.92;3.0625000;3.0625000;3.92361569900856e-8
0;0.43;0.93;3.5714284;3.5714286;-1.72101587647688e-7
0;0.43;0.94;4.2499999;4.2500000;-1.35133388923236e-7
0;0.43;0.95;5.1999996;5.2000000;-4.24479117633325e-7
0;0.43;0.96;6.6249997;6.6250000;-3.31371770023736e-7
0;0.43;0.97;8.9999993;9.0000000;-6.78302781054185e-7
0;0.43;0.98;13.749999;13.750000;-1.08628778150432e-6
0;0.43;0.99;27.999997;28.000000;-3.00922762264122e-6
0;0.44;0.45;0.022727357;0.022727273;8.42238259447792e-8
0;0.44;0.46;0.045454592;0.045454545;4.67574439028118e-8
0;0.44;0.47;0.068181951;0.068181818;1.32787073378604e-7
0;0.44;0.48;0.090909184;0.090909091;9.30370270824099e-8
0;0.44;0.49;0.11363646;0.11363636;9.86193663399249e-8
0;0.44;0.5;0.13636368;0.13636364;4.29636650423060e-8
0;0.44;0.51;0.15909097;0.15909091;5.97356457909815e-8
0;0.44;0.52;0.18181817;0.18181818;-1.54189562229234e-8
0;0.44;0.53;0.20454552;0.20454545;6.30066477047553e-8
0;0.44;0.54;0.22727278;0.22727273;5.55755157727322e-8
0;0.44;0.55;0.25000008;0.25000000;8.45801268467561e-8
0;0.44;0.56;0.27272734;0.27272727;6.30723107630793e-8
0;0.44;0.57;0.29549408;0.29549404;4.91742848662824e-8
0;0.44;0.58;0.31835801;0.31835802;-1.41939958675508e-8
0;0.44;0.59;0.34134951;0.34134943;8.35223883943748e-8
0;0.44;0.6;0.36450273;0.36450266;6.98999845782922e-8
0;0.44;0.61;0.38785701;0.38785697;3.79068192390974e-8
0;0.44;0.62;0.41145722;0.41145725;-3.12102625410482e-8
0;0.44;0.63;0.43535480;0.43535484;-4.02779405384024e-8
0;0.44;0.64;0.45960876;0.45960865;1.12524388973245e-7
0;0.44;0.65;0.48428637;0.48428635;1.96601961377496e-8
0;0.44;0.66;0.50946593;0.50946591;2.22584798370562e-8
0;0.44;0.67;0.53523738;0.53523732;6.25801008791171e-8
0;0.44;0.68;0.56170480;0.56170479;5.79252312782330e-9
0;0.44;0.69;0.58898928;0.58898935;-6.84679080098505e-8
0;0.44;0.7;0.61723198;0.61723195;2.27665799545917e-8
0;0.44;0.71;0.64659744;0.64659743;9.12811892739285e-9
0;0.44;0.72;0.67727926;0.67727920;5.78766534697905e-8
0;0.44;0.73;0.70950522;0.70950522;6.02848859720950e-9
0;0.44;0.74;0.74354528;0.74354533;-4.84140155743162e-8
0;0.44;0.75;0.77972056;0.77972057;-8.31459945338509e-9
0;0.44;0.76;0.81841494;0.81841493;9.66327506901621e-9
0;0.44;0.77;0.86009033;0.86009038;-5.82791956915685e-8
0;0.44;0.78;0.90530627;0.90530631;-4.50132531248926e-8
0;0.44;0.79;0.95474481;0.95474483;-1.50742784921221e-8
0;0.44;0.8;1.0092441;1.0092441;-3.90525189963853e-8
0;0.44;0.81;1.0698431;1.0698431;-1.17993625980972e-8
0;0.44;0.82;1.1378415;1.1378414;4.85754647616687e-8
0;0.44;0.83;1.2148825;1.2148825;-1.59097066632086e-8
0;0.44;0.84;1.3030683;1.3030684;-9.92034787650198e-8
0;0.44;0.85;1.4051240;1.4051240;-2.67725541736041e-8
0;0.44;0.86;1.5246343;1.5246345;-1.24038531446047e-7
0;0.44;0.87;1.6663971;1.6663971;-1.74637218020024e-8
0;0.44;0.88;1.8369581;1.8369582;-1.14338363221833e-7
0;0.44;0.89;2.0454545;2.0454545;-1.51059129649411e-8
0;0.44;0.9;2.2999998;2.3000000;-2.13563776885195e-7
0;0.44;0.91;2.6111110;2.6111111;-1.22072655539540e-7
0;0.44;0.92;2.9999997;3.0000000;-2.87140491384008e-7
0;0.44;0.93;3.4999999;3.5000000;-1.11258601442898e-7
0;0.44;0.94;4.1666665;4.1666667;-2.04476047649393e-7
0;0.44;0.95;5.1000000;5.1000000;-4.58605873276952e-8
0;0.44;0.96;6.4999998;6.5000000;-1.97386252231979e-7
0;0.44;0.97;8.8333326;8.8333333;-7.19391294978777e-7
0;0.44;0.98;13.499999;13.500000;-9.06341803386113e-7
0;0.44;0.99;27.499997;27.500000;-3.22031878852158e-6
0;0.45;0.46;0.022222269;0.022222222;4.67021980705973e-8
0;0.45;0.47;0.044444536;0.044444444;9.10842347309759e-8
0;0.45;0.48;0.066666792;0.066666667;1.25698402062002e-7
0;0.45;0.49;0.088888958;0.088888889;6.94841522236311e-8
0;0.45;0.5;0.11111119;0.11111111;7.45424315884424e-8
0;0.45;0.51;0.13333340;0.13333333;6.27700443289747e-8
0;0.45;0.52;0.15555568;0.15555556;1.24904978915374e-7
0;0.45;0.53;0.17777778;0.17777778;5.35942626389563e-9
0;0.45;0.54;0.20000008;0.20000000;7.57404749751611e-8
0;0.45;0.55;0.22222230;0.22222222;7.29562388002147e-8
0;0.45;0.56;0.24447570;0.24447566;4.08553834929659e-8
0;0.45;0.57;0.26680766;0.26680763;3.20421021382522e-8
0;0.45;0.58;0.28924485;0.28924477;8.13463733040365e-8
0;0.45;0.59;0.31181740;0.31181736;3.81388347570066e-8
0;0.45;0.6;0.33455993;0.33455989;4.46939267262358e-8
0;0.45;0.61;0.35751165;0.35751166;-3.07805958499330e-9
0;0.45;0.62;0.38071767;0.38071756;1.10924516960598e-7
0;0.45;0.63;0.40422892;0.40422894;-2.33483279377111e-8
0;0.45;0.64;0.42810467;0.42810463;3.36500856623623e-8
0;0.45;0.65;0.45241221;0.45241220;1.00153607629494e-8
0;0.45;0.66;0.47722936;0.47722941;-4.64868942229302e-8
0;0.45;0.67;0.50264594;0.50264599;-5.36683956164907e-8
0;0.45;0.68;0.52876578;0.52876579;-1.28395483134369e-9
0;0.45;0.69;0.55570932;0.55570929;2.98704829759799e-8
0;0.45;0.7;0.58361689;0.58361681;8.30818802644018e-8
0;0.45;0.71;0.61265228;0.61265230;-1.92746514304787e-8
0;0.45;0.72;0.64300811;0.64300806;5.88891234665212e-8
0;0.45;0.73;0.67491063;0.67491061;2.26124883262457e-8
0;0.45;0.74;0.70862809;0.70862800;8.53158661495712e-8
0;0.45;0.75;0.74447901;0.74447895;5.78226081460187e-8
0;0.45;0.76;0.78284456;0.78284452;3.89866219308033e-8
0;0.45;0.77;0.82418295;0.82418298;-2.54464387339226e-8
0;0.45;0.78;0.86904898;0.86904897;9.64446389417617e-9
0;0.45;0.79;0.91811850;0.91811856;-6.11489379132024e-8
0;0.45;0.8;0.97222221;0.97222222;-1.23072474433883e-8
0;0.45;0.81;1.0323888;1.0323888;-3.44382038441893e-8
0;0.45;0.82;1.0999051;1.0999050;3.83119922453545e-8
0;0.45;0.83;1.1763972;1.1763972;8.79183836843822e-10
0;0.45;0.84;1.2639449;1.2639450;-1.87338939916515e-8
0;0.45;0.85;1.3652429;1.3652430;-6.32594756577731e-8
0;0.45;0.86;1.4838355;1.4838355;8.09980893468065e-8
0;0.45;0.87;1.6244633;1.6244633;-2.29343255497838e-9
0;0.45;0.88;1.7935936;1.7935937;-1.04103571096914e-7
0;0.45;0.89;2.0000000;2.0000000;-4.29501385568187e-8
0;0.45;0.9;2.2500000;2.2500000;-4.79187871604836e-8
0;0.45;0.91;2.5555555;2.5555556;-1.87756112879356e-8
0;0.45;0.92;2.9374999;2.9375000;-8.42810732315513e-8
0;0.45;0.93;3.4285714;3.4285714;-7.01182654161414e-8
0;0.45;0.94;4.0833331;4.0833333;-1.90514793274588e-7
0;0.45;0.95;4.9999998;5.0000000;-2.34155200118380e-7
0;0.45;0.96;6.3749997;6.3750000;-2.57591107555299e-7
0;0.45;0.97;8.6666663;8.6666667;-4.16273664427536e-7
0;0.45;0.98;13.249999;13.250000;-7.58288141611274e-7
0;0.45;0.99;26.999997;27.000000;-3.02145923569697e-6
0;0.46;0.47;0.021739228;0.021739130;9.73585804267540e-8
0;0.46;0.48;0.043478354;0.043478261;9.33801678898449e-8
0;0.46;0.49;0.065217455;0.065217391;6.38170417205375e-8
0;0.46;0.5;0.086956569;0.086956522;4.71100506521660e-8
0;0.46;0.51;0.10869570;0.10869565;5.13672213514615e-8
0;0.46;0.52;0.13043485;0.13043478;6.51159511588784e-8
0;0.46;0.53;0.15217395;0.15217391;4.00095903629882e-8
0;0.46;0.54;0.17391309;0.17391304;4.39628301818207e-8
0;0.46;0.55;0.19567608;0.19567606;1.63334890612710e-8
0;0.46;0.56;0.21750114;0.21750111;2.58484315340812e-8
0;0.46;0.57;0.23941169;0.23941170;-9.82480663491714e-9
0;0.46;0.58;0.26143453;0.26143451;1.71954971928123e-8
0;0.46;0.59;0.28359996;0.28359987;9.04903709186833e-8
0;0.46;0.6;0.30594235;0.30594229;6.30907741605569e-8
0;0.46;0.61;0.32850108;0.32850105;3.06321134568854e-8
0;0.46;0.62;0.35132106;0.35132101;4.75230880758737e-8
0;0.46;0.63;0.37445352;0.37445341;1.06832969470894e-7
0;0.46;0.64;0.39795695;0.39795696;-1.11045537765087e-8
0;0.46;0.65;0.42189909;0.42189901;7.98611262675664e-8
0;0.46;0.66;0.44635711;0.44635704;7.19012962502319e-8
0;0.46;0.67;0.47142042;0.47142041;5.85862963697892e-9
0;0.46;0.68;0.49719252;0.49719246;6.22962502694335e-8
0;0.46;0.69;0.52379309;0.52379306;3.00285325494087e-8
0;0.46;0.7;0.55136169;0.55136170;-7.69504981956715e-9
0;0.46;0.71;0.58006125;0.58006129;-4.57954691945872e-8
0;0.46;0.72;0.61008288;0.61008286;2.14094151296251e-8
0;0.46;0.73;0.64165130;0.64165129;9.10992148384082e-9
0;0.46;0.74;0.67503257;0.67503257;3.08458458775362e-9
0;0.46;0.75;0.71054284;0.71054287;-3.75050452916526e-8
0;0.46;0.76;0.74855996;0.74856003;-7.13704494392786e-8
0;0.46;0.77;0.78953825;0.78953824;5.23687804232509e-9
0;0.46;0.78;0.83402703;0.83402704;-7.42414429932836e-9
0;0.46;0.79;0.88269598;0.88269599;-1.18122351899785e-8
0;0.46;0.8;0.93636725;0.93636726;-7.86778775463404e-9
0;0.46;0.81;0.99605899;0.99605907;-8.81627904014692e-8
0;0.46;0.82;1.0630444;1.0630444;1.07358122392043e-9
0;0.46;0.83;1.1389317;1.1389316;3.84238267869819e-8
0;0.46;0.84;1.2257767;1.2257767;-7.37501926195705e-9
0;0.46;0.85;1.3262429;1.3262429;-5.08492141726435e-8
0;0.46;0.86;1.4438315;1.4438317;-1.27495063839689e-7
0;0.46;0.87;1.5832254;1.5832255;-7.95651997620439e-8
0;0.46;0.88;1.7508096;1.7508095;3.95148771481502e-8
0;0.46;0.89;1.9545453;1.9545455;-1.14470357415186e-7
0;0.46;0.9;2.2000000;2.2000000;-2.62968788966589e-8
0;0.46;0.91;2.4999999;2.5000000;-1.46164365943946e-7
0;0.46;0.92;2.8749998;2.8750000;-1.84908754974344e-7
0;0.46;0.93;3.3571429;3.3571429;-8.16471734665924e-9
0;0.46;0.94;3.9999999;4.0000000;-1.07555818029681e-7
0;0.46;0.95;4.9000000;4.9000000;-2.58277657039230e-8
0;0.46;0.96;6.2499997;6.2500000;-2.88678632998085e-7
0;0.46;0.97;8.4999996;8.5000000;-3.76771637888851e-7
0;0.46;0.98;12.999999;13.000000;-8.07898535626350e-7
0;0.46;0.99;26.499997;26.500000;-2.62216793345260e-6
0;0.47;0.48;0.021276698;0.021276596;1.01895766498050e-7
0;0.47;0.49;0.042553285;0.042553191;9.37821423088736e-8
0;0.47;0.5;0.063829869;0.063829787;8.16165846573291e-8
0;0.47;0.51;0.085106474;0.085106383;9.11157565508525e-8
0;0.47;0.52;0.10638303;0.10638298;5.16839851055773e-8
0;0.47;0.53;0.12765966;0.12765957;8.57042181390266e-8
0;0.47;0.54;0.14895363;0.14895358;5.69462590138681e-8
0;0.47;0.55;0.17029505;0.17029500;4.78936683367959e-8
0;0.47;0.56;0.19170470;0.19170463;6.48702996042250e-8
0;0.47;0.57;0.21320602;0.21320600;2.36814579335221e-8
0;0.47;0.58;0.23482586;0.23482582;4.38592812901373e-8
0;0.47;0.59;0.25659443;0.25659440;3.34947290459020e-8
0;0.47;0.6;0.27854623;0.27854620;2.40529088868513e-8
0;0.47;0.61;0.30072045;0.30072047;-2.30932666878125e-8
0;0.47;0.62;0.32316197;0.32316193;4.61612004731826e-8
0;0.47;0.63;0.34592168;0.34592168;5.42709421846865e-9
0;0.47;0.64;0.36905826;0.36905819;6.42822081120542e-8
0;0.47;0.65;0.39263857;0.39263855;2.29830261488928e-8
0;0.47;0.66;0.41673989;0.41673986;2.82560658759756e-8
0;0.47;0.67;0.44145097;0.44145100;-3.46909700965625e-8
0;0.47;0.68;0.46687477;0.46687471;5.28323874648962e-8
0;0.47;0.69;0.49313010;0.49313009;7.36769145692762e-10
0;0.47;0.7;0.52035570;0.52035570;7.91566301394653e-9
0;0.47;0.71;0.54871323;0.54871325;-2.47689373455984e-8
0;0.47;0.72;0.57839227;0.57839231;-4.14226996037215e-8
0;0.47;0.73;0.60961594;0.60961595;-5.83290638012102e-9
0;0.47;0.74;0.64264791;0.64264788;3.75160039700617e-8
0;0.47;0.75;0.67780142;0.67780146;-3.99111306226274e-8
0;0.47;0.76;0.71545099;0.71545102;-2.70800897261836e-8
0;0.47;0.77;0.75604639;0.75604638;1.63973216116275e-8
0;0.47;0.78;0.80013151;0.80013156;-5.58055364141552e-8
0;0.47;0.79;0.84836926;0.84836921;5.46148992697226e-8
0;0.47;0.8;0.90157267;0.90157268;-1.02550836711401e-8
0;0.47;0.81;0.96074894;0.96074896;-2.14580933022290e-8
0;0.47;0.82;1.0271565;1.0271566;-5.29914720992508e-8
0;0.47;0.83;1.1023850;1.1023851;-1.99423930702380e-8
0;0.47;0.84;1.1884657;1.1884657;-4.08529110540456e-8
0;0.47;0.85;1.2880290;1.2880290;-5.15563780556505e-8
0;0.47;0.86;1.4045322;1.4045322;4.39954477293725e-8
0;0.47;0.87;1.5425972;1.5425972;7.83334068721331e-8
0;0.47;0.88;1.7085245;1.7085246;-1.66201727269666e-7
0;0.47;0.89;1.9090909;1.9090909;-4.27759505594594e-8
0;0.47;0.9;2.1499998;2.1500000;-1.59416987166594e-7
0;0.47;0.91;2.4444444;2.4444444;-5.21664094144114e-8
0;0.47;0.92;2.8124999;2.8125000;-9.49006420114529e-8
0;0.47;0.93;3.2857142;3.2857143;-1.05717985032783e-7
0;0.47;0.94;3.9166664;3.9166667;-2.31291190644356e-7
0;0.47;0.95;4.7999997;4.8000000;-2.87808474830342e-7
0;0.47;0.96;6.1249996;6.1250000;-3.54313196559985e-7
0;0.47;0.97;8.3333331;8.3333333;-2.70735075247330e-7
0;0.47;0.98;12.749999;12.750000;-6.72035264770443e-7
0;0.47;0.99;25.999998;26.000000;-2.44270195182139e-6
0;0.48;0.49;0.020833472;0.020833333;1.38418975545451e-7
0;0.48;0.5;0.041666723;0.041666667;5.62673025950033e-8
0;0.48;0.51;0.062500100;0.062500000;9.98663963885926e-8
0;0.48;0.52;0.083333449;0.083333333;1.15481646120741e-7
0;0.48;0.53;0.10417838;0.10417833;4.53898628682836e-8
0;0.48;0.54;0.12505788;0.12505782;5.58744399636879e-8
0;0.48;0.55;0.14599029;0.14599018;1.08469466353345e-7
0;0.48;0.56;0.16699622;0.16699620;2.10935079958396e-8
0;0.48;0.57;0.18809947;0.18809942;5.28561551471629e-8
0;0.48;0.58;0.20932655;0.20932650;5.00840087735988e-8
0;0.48;0.59;0.23070773;0.23070772;1.69903978664010e-8
0;0.48;0.6;0.25227746;0.25227744;2.10676520118191e-8
0;0.48;0.61;0.27407481;0.27407479;2.61247330435310e-8
0;0.48;0.62;0.29614433;0.29614432;1.37635423058668e-8
0;0.48;0.63;0.31853699;0.31853691;7.66653840411635e-8
0;0.48;0.64;0.34131083;0.34131075;7.42608752268836e-8
0;0.48;0.65;0.36453254;0.36453256;-1.89644805415057e-8
0;0.48;0.66;0.38827901;0.38827898;3.70773211022524e-8
0;0.48;0.67;0.41263827;0.41263832;-5.13033922566741e-8
0;0.48;0.68;0.43771259;0.43771261;-2.02979851815499e-8
0;0.48;0.69;0.46362010;0.46362008;2.72284926827737e-8
0;0.48;0.7;0.49049823;0.49049819;3.44007294872384e-8
0;0.48;0.71;0.51850741;0.51850737;4.53415378576238e-8
0;0.48;0.72;0.54783553;0.54783552;1.42376785916554e-8
0;0.48;0.73;0.57870372;0.57870370;1.18123184567054e-8
0;0.48;0.74;0.61137323;0.61137319;4.30716042831847e-8
0;0.48;0.75;0.64615422;0.64615427;-5.02677549585329e-8
0;0.48;0.76;0.68341751;0.68341751;2.21594553817539e-9
0;0.48;0.77;0.72360807;0.72360803;4.17607841640688e-8
0;0.48;0.78;0.76726407;0.76726400;6.76933356036358e-8
0;0.48;0.79;0.81504069;0.81504070;-7.37539418427247e-9
0;0.48;0.8;0.86774218;0.86774222;-3.88793670591525e-8
0;0.48;0.81;0.92636370;0.92636372;-1.24839387716236e-8
0;0.48;0.82;0.99214852;0.99214858;-5.66266327162168e-8
0;0.48;0.83;1.0666667;1.0666667;-4.43496459556769e-8
0;0.48;0.84;1.1519238;1.1519238;1.37355524731930e-8
0;0.48;0.85;1.2505160;1.2505162;-1.70739679727916e-7
0;0.48;0.86;1.3658553;1.3658554;-8.71330005924875e-8
0;0.48;0.87;1.5025009;1.5025010;-5.28351653539261e-8
0;0.48;0.88;1.6666667;1.6666667;8.32870750144821e-9
0;0.48;0.89;1.8636363;1.8636364;-4.78600663544881e-8
0;0.48;0.9;2.0999999;2.1000000;-1.24516946531372e-7
0;0.48;0.91;2.3888889;2.3888889;-1.30469057779692e-9
0;0.48;0.92;2.7499998;2.7500000;-2.09511453075351e-7
0;0.48;0.93;3.2142856;3.2142857;-8.68902190198639e-8
0;0.48;0.94;3.8333332;3.8333333;-1.68888062646033e-7
0;0.48;0.95;4.6999999;4.7000000;-8.16978706907889e-8
0;0.48;0.96;5.9999997;6.0000000;-3.43056621332494e-7
0;0.48;0.97;8.1666659;8.1666667;-7.63729568475924e-7
0;0.48;0.98;12.499999;12.500000;-1.25745237511410e-6
0;0.48;0.99;25.499997;25.500000;-2.65896898810070e-6
0;0.49;0.5;0.020408258;0.020408163;9.46898119358330e-8
0;0.49;0.51;0.040816405;0.040816327;7.85179683979176e-8
0;0.49;0.52;0.061231121;0.061231065;5.62015490257473e-8
0;0.49;0.53;0.081668876;0.081668842;3.42114638979263e-8
0;0.49;0.54;0.10214594;0.10214592;2.02129907395099e-8
0;0.49;0.55;0.12268070;0.12268067;3.73774534656590e-8
0;0.49;0.56;0.14329388;0.14329385;3.04138966233936e-8
0;0.49;0.57;0.16400899;0.16400896;3.06093500823668e-8
0;0.49;0.58;0.18485272;0.18485261;1.05415590867519e-7
0;0.49;0.59;0.20585504;0.20585496;8.19897293391492e-8
0;0.49;0.6;0.22705031;0.22705025;6.61582657546234e-8
0;0.49;0.61;0.24847745;0.24847741;4.14887964261812e-8
0;0.49;0.62;0.27018086;0.27018080;5.64111703460490e-8
0;0.49;0.63;0.29221099;0.29221100;-1.51806119896847e-8
0;0.49;0.64;0.31462589;0.31462585;3.70364713897509e-8
0;0.49;0.65;0.33749164;0.33749162;2.35338909471139e-8
0;0.49;0.66;0.36088443;0.36088442;1.07617245115321e-8
0;0.49;0.67;0.38489194;0.38489191;3.29323557313188e-8
0;0.49;0.68;0.40961529;0.40961529;-7.13469006097256e-10
0;0.49;0.69;0.43517180;0.43517181;-8.03956878847600e-9
0;0.49;0.7;0.46169783;0.46169774;8.97417226086716e-8
0;0.49;0.71;0.48935203;0.48935203;1.24758431363503e-9
0;0.49;0.72;0.51832080;0.51832081;-1.52285004606512e-8
0;0.49;0.73;0.54882299;0.54882297;2.65044580727292e-8
0;0.49;0.74;0.58111709;0.58111709;-2.01112593245512e-9
0;0.49;0.75;0.61551020;0.61551020;3.23951976355374e-10
0;0.49;0.76;0.65236887;0.65236884;3.55485909597775e-8
0;0.49;0.77;0.69213313;0.69213314;-9.02756114307124e-9
0;0.49;0.78;0.73533501;0.73533507;-6.08677198643548e-8
0;0.49;0.79;0.78262215;0.78262217;-1.37036555436509e-8
0;0.49;0.8;0.83478874;0.83478877;-3.25616272833784e-8
0;0.49;0.81;0.89281766;0.89281769;-3.57284862806395e-8
0;0.49;0.82;0.95793645;0.95793651;-6.58169749812032e-8
0;0.49;0.83;1.0316946;1.0316947;-1.06990656778549e-7
0;0.49;0.84;1.1160714;1.1160714;-1.50266337151095e-8
0;0.49;0.85;1.2136277;1.2136277;-4.27850237461058e-8
0;0.49;0.86;1.3277281;1.3277281;2.65713657743305e-8
0;0.49;0.87;1.4628676;1.4628677;-8.50536896468412e-8
0;0.49;0.88;1.6250000;1.6250000;1.01306045774407e-8
0;0.49;0.89;1.8181818;1.8181818;-5.12239954897353e-8
0;0.49;0.9;2.0500000;2.0500000;1.58891060308974e-8
0;0.49;0.91;2.3333332;2.3333333;-1.14194832256942e-7
0;0.49;0.92;2.6875000;2.6875000;-4.20223691399713e-8
0;0.49;0.93;3.1428572;3.1428571;1.77165446757499e-8
0;0.49;0.94;3.7499998;3.7500000;-2.05782266782251e-7
0;0.49;0.95;4.6000000;4.6000000;-2.45357050232542e-8
0;0.49;0.96;5.8749996;5.8750000;-3.79367745217962e-7
0;0.49;0.97;7.9999991;8.0000000;-9.22768783162553e-7
0;0.49;0.98;12.249998;12.250000;-1.61377175089683e-6
0;0.49;0.99;24.999996;25.000000;-3.94232849032505e-6
0;0.5;0.51;0.020002150;0.020002061;8.80805850339561e-8
0;0.5;0.52;0.040017049;0.040017009;4.05007598916485e-8
0;0.5;0.53;0.060059264;0.060059238;2.59423070178566e-8
0;0.5;0.54;0.080145103;0.080144990;1.12441416011411e-7
0;0.5;0.55;0.10029268;0.10029260;7.69007680728739e-8
0;0.5;0.56;0.12052286;0.12052278;8.19791960565697e-8
0;0.5;0.57;0.14085900;0.14085893;6.86035639130278e-8
0;0.5;0.58;0.16132760;0.16132757;2.97522475545264e-8
0;0.5;0.59;0.18195872;0.18195870;1.99858639915451e-8
0;0.5;0.6;0.20278650;0.20278640;9.35315624395194e-8
0;0.5;0.61;0.22384949;0.22384939;9.99922296351929e-8
0;0.5;0.62;0.24519177;0.24519171;5.31981158569117e-8
0;0.5;0.63;0.26686367;0.26686363;4.44415347855553e-8
0;0.5;0.64;0.28892257;0.28892256;8.50135950525299e-9
0;0.5;0.65;0.31143429;0.31143426;3.09131213405145e-8
0;0.5;0.66;0.33447429;0.33447424;5.41554911470676e-8
0;0.5;0.67;0.35812937;0.35812938;-7.03996710926802e-9
0;0.5;0.68;0.38250008;0.38250000;8.11577790527096e-8
0;0.5;0.69;0.40770231;0.40770226;4.91971188232299e-8
0;0.5;0.7;0.43387110;0.43387111;-7.16094700203840e-9
0;0.5;0.71;0.46116389;0.46116390;-1.98699873221742e-9
0;0.5;0.72;0.48976479;0.48976482;-3.38692275336783e-8
0;0.5;0.73;0.51989051;0.51989043;8.40113640876439e-8
0;0.5;0.74;0.55179644;0.55179645;-7.58064022665650e-9
0;0.5;0.75;0.58578642;0.58578644;-2.03182447533479e-8
0;0.5;0.76;0.62222260;0.62222263;-3.25310954840674e-8
0;0.5;0.77;0.66153992;0.66153992;5.92021498491135e-9
0;0.5;0.78;0.70426376;0.70426374;1.20694703120705e-8
0;0.5;0.79;0.75103349;0.75103352;-3.27229752183911e-8
0;0.5;0.8;0.80263338;0.80263340;-2.59046053496803e-8
0;0.5;0.81;0.86003334;0.86003332;1.23266690188473e-8
0;0.5;0.82;0.92444441;0.92444444;-3.45638357934774e-8
0;0.5;0.83;0.99739513;0.99739515;-1.58023654162065e-8
0;0.5;0.84;1.0808369;1.0808369;-5.85538884045889e-9
0;0.5;0.85;1.1772947;1.1772947;-7.36077081509023e-8
0;0.5;0.86;1.2900843;1.2900844;-5.20682803539785e-8
0;0.5;0.87;1.4236350;1.4236350;-3.61128515979914e-8
0;0.5;0.88;1.5833334;1.5833333;3.23734015150734e-8
0;0.5;0.89;1.7727272;1.7727273;-4.89392630864671e-8
0;0.5;0.9;1.9999999;2.0000000;-1.00164038396855e-7
0;0.5;0.91;2.2777777;2.2777778;-9.48061122940658e-8
0;0.5;0.92;2.6250000;2.6250000;-8.81174377909133e-9
0;0.5;0.93;3.0714285;3.0714286;-5.64356668064647e-8
0;0.5;0.94;3.6666664;3.6666667;-2.28549642766751e-7
0;0.5;0.95;4.4999996;4.5000000;-3.99249711513505e-7
0;0.5;0.96;5.7499998;5.7500000;-1.61152190258917e-7
0;0.5;0.97;7.8333330;7.8333333;-3.64880886394303e-7
0;0.5;0.98;12.000000;12.000000;-4.86144115185994e-7
0;0.5;0.99;24.499997;24.500000;-2.59042983685731e-6
0;0.51;0.52;0.019626579;0.019626415;1.64051114685815e-7
0;0.51;0.53;0.039283921;0.039283827;9.43390987689918e-8
0;0.51;0.54;0.058988562;0.058988429;1.32970298952206e-7
0;0.51;0.55;0.078758522;0.078758490;3.23508263372352e-8
0;0.51;0.56;0.098614728;0.098614630;9.81646959413718e-8
0;0.51;0.57;0.11858022;0.11858015;7.14468251089562e-8
0;0.51;0.58;0.13868147;0.13868140;6.55583552999772e-8
0;0.51;0.59;0.15894826;0.15894823;3.62905126782831e-8
0;0.51;0.6;0.17941455;0.17941448;7.40131542720235e-8
0;0.51;0.61;0.20011860;0.20011859;9.92958998358162e-9
0;0.51;0.62;0.22110437;0.22110430;7.19947384764108e-8
0;0.51;0.63;0.24242146;0.24242145;4.50764681136917e-9
0;0.51;0.64;0.26412707;0.26412700;7.45418259340269e-8
0;0.51;0.65;0.28628615;0.28628611;3.65693015869084e-8
0;0.51;0.66;0.30897366;0.30897361;5.65201507818358e-8
0;0.51;0.67;0.33227558;0.33227555;3.19982773611116e-8
0;0.51;0.68;0.35629133;0.35629125;7.46541756746488e-8
0;0.51;0.69;0.38113567;0.38113570;-2.15587049878785e-8
0;0.51;0.7;0.40694244;0.40694239;5.84049469343206e-8
0;0.51;0.71;0.43386699;0.43386696;2.58706963074395e-8
0;0.51;0.72;0.46209159;0.46209155;3.51818684185545e-8
0;0.51;0.73;0.49183022;0.49183019;2.86408318173059e-8
0;0.51;0.74;0.52333556;0.52333559;-2.44703255436463e-8
0;0.51;0.75;0.55690760;0.55690759;1.46355255692399e-8
0;0.51;0.76;0.59290393;0.59290395;-1.53447765605108e-8
0;0.51;0.77;0.63175398;0.63175400;-2.00355106949601e-8
0;0.51;0.78;0.67397641;0.67397639;2.43560811519217e-8
0;0.51;0.79;0.72020200;0.72020202;-2.31398271655081e-8
0;0.51;0.8;0.77120439;0.77120446;-7.20964732359164e-8
0;0.51;0.81;0.82794030;0.82794026;4.40305863991242e-8
0;0.51;0.82;0.89160358;0.89160357;6.81565770488390e-9
0;0.51;0.83;0.96370085;0.96370095;-9.49311591558200e-8
0;0.51;0.84;1.0461555;1.0461555;-5.49153931217461e-8
0;0.51;0.85;1.1414548;1.1414548;-3.74819097981316e-8
0;0.51;0.86;1.2528647;1.2528649;-1.69882459877257e-7
0;0.51;0.87;1.3847471;1.3847472;-1.05728096722046e-7
0;0.51;0.88;1.5416666;1.5416667;-3.42024222277360e-8
0;0.51;0.89;1.7272728;1.7272727;3.52432258932112e-8
0;0.51;0.9;1.9499999;1.9500000;-8.01388915228074e-8
0;0.51;0.91;2.2222221;2.2222222;-8.23089747470362e-8
0;0.51;0.92;2.5625000;2.5625000;-3.99329302958051e-8
0;0.51;0.93;2.9999998;3.0000000;-2.19036858428723e-7
0;0.51;0.94;3.5833333;3.5833333;-6.60852350620189e-8
0;0.51;0.95;4.3999999;4.4000000;-1.42001391978397e-7
0;0.51;0.96;5.6249998;5.6250000;-1.52851179713309e-7
0;0.51;0.97;7.6666662;7.6666667;-5.15982097049061e-7
0;0.51;0.98;11.749999;11.750000;-1.31880435461085e-6
0;0.51;0.99;23.999997;24.000000;-2.57714458484770e-6
0;0.52;0.53;0.019282533;0.019282464;6.85700073527196e-8
0;0.52;0.54;0.038615375;0.038615256;1.19000277666592e-7
0;0.52;0.55;0.058016610;0.058016547;6.22968374316968e-8
0;0.52;0.56;0.077506951;0.077506843;1.08009808763576e-7
0;0.52;0.57;0.097109358;0.097109295;6.30609141849536e-8
0;0.52;0.58;0.11685012;0.11685008;4.13492986517383e-8
0;0.52;0.59;0.13675891;0.13675882;9.46866347550923e-8
0;0.52;0.6;0.15686919;0.15686910;9.05535231521259e-8
0;0.52;0.61;0.17721907;0.17721904;2.66408099192095e-8
0;0.52;0.62;0.19785209;0.19785201;8.48899201766340e-8
0;0.52;0.63;0.21881745;0.21881739;5.66685237346487e-8
0;0.52;0.64;0.24017171;0.24017160;1.15041228904156e-7
0;0.52;0.65;0.26197923;0.26197917;6.12506641517463e-8
0;0.52;0.66;0.28431416;0.28431415;3.74048370055391e-9
0;0.52;0.67;0.30726175;0.30726171;4.06555931697916e-8
0;0.52;0.68;0.33092011;0.33092007;3.25362961017817e-8
0;0.52;0.69;0.35540302;0.35540293;8.43763452440527e-8
0;0.52;0.7;0.38084228;0.38084226;2.18540174845572e-8
0;0.52;0.71;0.40739186;0.40739186;-4.77085537742283e-9
0;0.52;0.72;0.43523170;0.43523165;5.64944551140201e-8
0;0.52;0.73;0.46457306;0.46457301;5.57460750894023e-8
0;0.52;0.74;0.49566543;0.49566545;-1.47910431680387e-8
0;0.52;0.75;0.52880494;0.52880493;4.91441998207165e-9
0;0.52;0.76;0.56434447;0.56434448;-8.96760177226952e-9
0;0.52;0.77;0.60270774;0.60270765;8.36821983929426e-8
0;0.52;0.78;0.64440599;0.64440595;3.90911752967682e-8
0;0.52;0.79;0.69006147;0.69006149;-2.04599784892068e-8
0;0.52;0.8;0.74043682;0.74043679;3.27599734006867e-8
0;0.52;0.81;0.79647459;0.79647459;-1.45195766521056e-9
0;0.52;0.82;0.85935144;0.85935147;-2.41050529536935e-8
0;0.52;0.83;0.93055142;0.93055144;-1.95838463223907e-8
0;0.52;0.84;1.0119685;1.0119684;9.68860236483238e-9
0;0.52;0.85;1.1060517;1.1060517;-1.65450311229165e-8
0;0.52;0.86;1.2160161;1.2160161;7.13662862139586e-9
0;0.52;0.87;1.3461539;1.3461538;7.87490470610663e-8
0;0.52;0.88;1.4999999;1.5000000;-7.08341676425306e-8
0;0.52;0.89;1.6818181;1.6818182;-1.11246567291445e-7
0;0.52;0.9;1.9000000;1.9000000;-1.72887593130611e-9
0;0.52;0.91;2.1666666;2.1666667;-2.55170564678053e-8
0;0.52;0.92;2.4999999;2.5000000;-1.31628058230859e-7
0;0.52;0.93;2.9285713;2.9285714;-1.54895122062015e-7
0;0.52;0.94;3.4999996;3.5000000;-4.48167744693251e-7
0;0.52;0.95;4.3000000;4.3000000;2.57671661785253e-9
0;0.52;0.96;5.4999996;5.5000000;-3.93312272528590e-7
0;0.52;0.97;7.4999989;7.5000000;-1.07798777726487e-6
0;0.52;0.98;11.499999;11.500000;-5.90018380819402e-7
0;0.52;0.99;23.499997;23.500000;-2.57768083145038e-6
0;0.53;0.54;0.018969710;0.018969559;1.50782594666998e-7
0;0.53;0.55;0.038010192;0.038010127;6.48428483893126e-8
0;0.53;0.56;0.057142145;0.057142060;8.49711228670391e-8
0;0.53;0.57;0.076388392;0.076388335;5.68398099420886e-8
0;0.53;0.58;0.095774982;0.095774913;6.90131903430258e-8
0;0.53;0.59;0.11533126;0.11533117;9.80641011449901e-8
0;0.53;0.6;0.13509039;0.13509037;1.78410762829984e-8
0;0.53;0.61;0.15509036;0.15509030;6.27313189449641e-8
0;0.53;0.62;0.17537397;0.17537388;8.48185179314065e-8
0;0.53;0.63;0.19599005;0.19599001;3.66361273540505e-8
0;0.53;0.64;0.21699457;0.21699449;7.26339856593761e-8
0;0.53;0.65;0.23845120;0.23845118;1.58828168672631e-8
0;0.53;0.66;0.26043328;0.26043328;-1.87314869171118e-9
0;0.53;0.67;0.28302500;0.28302497;2.66170681606503e-8
0;0.53;0.68;0.30632334;0.30632334;-4.26684187981863e-10
0;0.53;0.69;0.33044073;0.33044068;5.06335077199438e-8
0;0.53;0.7;0.35550733;0.35550733;-3.05534642031091e-9
0;0.53;0.71;0.38167516;0.38167515;1.15959605806459e-8
0;0.53;0.72;0.40912170;0.40912171;-7.06301683806032e-9
0;0.53;0.73;0.43805561;0.43805561;2.67421884636576e-9
0;0.53;0.74;0.46872304;0.46872298;6.28845311378967e-8
0;0.53;0.75;0.50141574;0.50141572;1.84963785399006e-8
0;0.53;0.76;0.53648188;0.53648191;-2.29652451499973e-8
0;0.53;0.77;0.57433912;0.57433908;4.27550319592740e-8
0;0.53;0.78;0.61549133;0.61549133;4.88460938363744e-10
0;0.53;0.79;0.66055162;0.66055163;-9.18108955527686e-9
0;0.53;0.8;0.71027111;0.71027111;9.09243458302456e-10
0;0.53;0.81;0.76557817;0.76557821;-3.75430028176638e-8
0;0.53;0.82;0.82763139;0.82763140;-7.00593894009671e-9
0;0.53;0.83;0.89789154;0.89789154;1.07762243573006e-9
0;0.53;0.84;0.97822257;0.97822258;-1.28283077494018e-8
0;0.53;0.85;1.0710344;1.0710344;9.39965105750673e-9
0;0.53;0.86;1.1794897;1.1794897;1.75131775748127e-9
0;0.53;0.87;1.3076923;1.3076923;3.21004118841728e-8
0;0.53;0.88;1.4583333;1.4583333;-3.81606466426376e-8
0;0.53;0.89;1.6363637;1.6363636;2.36516934926101e-8
0;0.53;0.9;1.8500000;1.8500000;2.80279657260962e-8
0;0.53;0.91;2.1111111;2.1111111;5.53377166312430e-9
0;0.53;0.92;2.4375000;2.4375000;3.29358438300176e-8
0;0.53;0.93;2.8571427;2.8571429;-1.19702495027241e-7
0;0.53;0.94;3.4166664;3.4166667;-2.44050068154422e-7
0;0.53;0.95;4.2000000;4.2000000;-5.25123917682890e-8
0;0.53;0.96;5.3749997;5.3750000;-2.59491082843510e-7
0;0.53;0.97;7.3333332;7.3333333;-1.65520216199866e-7
0;0.53;0.98;11.249999;11.250000;-1.08269551368778e-6
0;0.53;0.99;22.999996;23.000000;-3.56886061680939e-6
0;0.54;0.55;0.018687372;0.018687218;1.54352071596309e-7
0;0.54;0.56;0.037467706;0.037467626;8.09037963775405e-8
0;0.54;0.57;0.056364088;0.056363992;9.61279389699587e-8
0;0.54;0.58;0.075402072;0.075402033;3.88000145762346e-8
0;0.54;0.59;0.094610928;0.094610834;9.38935038052868e-8
0;0.54;0.6;0.11402339;0.11402333;5.85608477682298e-8
0;0.54;0.61;0.13367698;0.13367690;8.52417620655910e-8
0;0.54;0.62;0.15361405;0.15361398;6.21028829472792e-8
0;0.54;0.63;0.17388296;0.17388294;1.64474827091254e-8
0;0.54;0.64;0.19453899;0.19453894;4.88502900908294e-8
0;0.54;0.65;0.21564506;0.21564504;1.90624601104084e-8
0;0.54;0.66;0.23727357;0.23727359;-1.33492735199248e-8
0;0.54;0.67;0.25950774;0.25950769;4.17672995634000e-8
0;0.54;0.68;0.28244322;0.28244320;1.05523818572095e-8
0;0.54;0.69;0.30619100;0.30619095;5.23838528110332e-8
0;0.54;0.7;0.33087956;0.33087953;2.26359534449827e-8
0;0.54;0.71;0.35665877;0.35665874;2.46223245126131e-8
0;0.54;0.72;0.38370369;0.38370371;-1.95563735760906e-8
0;0.54;0.73;0.41222006;0.41222009;-2.10626201480046e-8
0;0.54;0.74;0.44245053;0.44245048;4.48593590607338e-8
0;0.54;0.75;0.47468256;0.47468256;-4.41593889233260e-9
0;0.54;0.76;0.50925927;0.50925926;1.10282865062317e-8
0;0.54;0.77;0.54659187;0.54659184;2.77221576805431e-8
0;0.54;0.78;0.58717674;0.58717673;3.08072656274305e-9
0;0.54;0.79;0.63161749;0.63161744;5.19375971119729e-8
0;0.54;0.8;0.68065335;0.68065335;7.75025488231051e-10
0;0.54;0.81;0.73519813;0.73519817;-4.29916788835527e-8
0;0.54;0.82;0.79639172;0.79639176;-3.87009014835016e-8
0;0.54;0.83;0.86567115;0.86567118;-3.02321082612522e-8
0;0.54;0.84;0.94486961;0.94486966;-4.70772956173704e-8
0;0.54;0.85;1.0363568;1.0363569;-5.62226658562537e-8
0;0.54;0.86;1.1432418;1.1432420;-1.75595096241210e-7
0;0.54;0.87;1.2692307;1.2692308;-4.55582658265286e-8
0;0.54;0.88;1.4166666;1.4166667;-4.47079555598862e-8
0;0.54;0.89;1.5909090;1.5909091;-9.64944197878737e-8
0;0.54;0.9;1.7999998;1.8000000;-1.63224607607759e-7
0;0.54;0.91;2.0555555;2.0555556;-5.73890974742142e-8
0;0.54;0.92;2.3750000;2.3750000;5.83180792546045e-9
0;0.54;0.93;2.7857142;2.7857143;-5.66391351597417e-8
0;0.54;0.94;3.3333333;3.3333333;-6.16740845060804e-8
0;0.54;0.95;4.0999999;4.1000000;-9.54631760308189e-8
0;0.54;0.96;5.2499999;5.2500000;-1.35425974434611e-7
0;0.54;0.97;7.1666663;7.1666667;-3.51747184268447e-7
0;0.54;0.98;11.000000;11.000000;-4.51918525712358e-7
0;0.54;0.99;22.499998;22.500000;-1.63597752589340e-6
0;0.55;0.56;0.018435214;0.018435128;8.59454841392604e-8
0;0.55;0.57;0.036987352;0.036987289;6.33368232444420e-8
0;0.55;0.58;0.055681970;0.055681924;4.64097994479218e-8
0;0.55;0.59;0.074547892;0.074547795;9.64814167447869e-8
0;0.55;0.6;0.093617562;0.093617465;9.68773444381954e-8
0;0.55;0.61;0.11292794;0.11292786;7.45736543350528e-8
0;0.55;0.62;0.13252098;0.13252093;4.43594614096821e-8
0;0.55;0.63;0.15244448;0.15244443;5.61093099205046e-8
0;0.55;0.64;0.17275285;0.17275281;4.13319694581027e-8
0;0.55;0.65;0.19350834;0.19350834;-8.44882283579373e-9
0;0.55;0.66;0.21478245;0.21478239;5.80272480343869e-8
0;0.55;0.67;0.23665702;0.23665697;5.28785348841154e-8
0;0.55;0.68;0.25922665;0.25922659;5.84892333455045e-8
0;0.55;0.69;0.28260063;0.28260054;8.75226606744661e-8
0;0.55;0.7;0.30690565;0.30690560;4.81025224652321e-8
0;0.55;0.71;0.33228942;0.33228938;3.66859483902360e-8
0;0.55;0.72;0.35892445;0.35892445;3.92541638083443e-9
0;0.55;0.73;0.38701336;0.38701339;-3.19731653375399e-8
0;0.55;0.74;0.41679516;0.41679514;1.64172356820202e-8
0;0.55;0.75;0.44855294;0.44855295;-4.29759117182016e-9
0;0.55;0.76;0.48262443;0.48262441;2.09462361899782e-8
0;0.55;0.77;0.51941434;0.51941431;3.01486691167696e-8
0;0.55;0.78;0.55941114;0.55941116;-2.08060939588250e-8
0;0.55;0.79;0.60320868;0.60320869;-1.25510394299866e-8
0;0.55;0.8;0.65153420;0.65153419;1.64540353564391e-8
0;0.55;0.81;0.70528622;0.70528621;6.66113764147269e-9
0;0.55;0.82;0.76558557;0.76558552;5.06891038032364e-8
0;0.55;0.83;0.83384481;0.83384481;-3.15046189136581e-9
0;0.55;0.84;0.91186581;0.91186585;-4.71078906993938e-8
0;0.55;0.85;1.0019772;1.0019772;-1.16390341808881e-8
0;0.55;0.86;1.1072335;1.1072335;-2.36246326945633e-8
0;0.55;0.87;1.2307692;1.2307692;-1.05490252089169e-8
0;0.55;0.88;1.3750000;1.3750000;-3.55351634784284e-8
0;0.55;0.89;1.5454545;1.5454545;-4.86187976544983e-8
0;0.55;0.9;1.7500000;1.7500000;-2.20781470883225e-8
0;0.55;0.91;2.0000000;2.0000000;-2.84844772213688e-8
0;0.55;0.92;2.3125000;2.3125000;1.48120773424409e-8
0;0.55;0.93;2.7142855;2.7142857;-2.25029565648072e-7
0;0.55;0.94;3.2499999;3.2500000;-1.22061841523191e-7
0;0.55;0.95;3.9999999;4.0000000;-8.78404811111011e-8
0;0.55;0.96;5.1249999;5.1250000;-1.27237395730617e-7
0;0.55;0.97;6.9999997;7.0000000;-3.21530952085425e-7
0;0.55;0.98;10.750000;10.750000;-4.21649900772536e-7
0;0.55;0.99;21.999998;22.000000;-2.01395321397513e-6
0;0.56;0.57;0.018213292;0.018213142;1.49995006172576e-7
0;0.56;0.58;0.036569079;0.036569009;6.98393630080285e-8
0;0.56;0.59;0.055096104;0.055096008;9.56446383551524e-8
0;0.56;0.6;0.073826341;0.073826292;4.86918604603037e-8
0;0.56;0.61;0.092796373;0.092796311;6.24612927074830e-8
0;0.56;0.62;0.11204748;0.11204746;2.20829981800730e-8
0;0.56;0.63;0.13162691;0.13162685;5.94028727041174e-8
0;0.56;0.64;0.15158819;0.15158819;6.16906117856253e-9
0;0.56;0.65;0.17199289;0.17199287;2.09899128911228e-8
0;0.56;0.66;0.19291133;0.19291126;7.72542223526074e-8
0;0.56;0.67;0.21442419;0.21442416;3.16415770529321e-8
0;0.56;0.68;0.23662477;0.23662472;5.20570059836523e-8
0;0.56;0.69;0.25962063;0.25962058;4.33533514643258e-8
0;0.56;0.7;0.28353665;0.28353662;3.89973124903520e-8
0;0.56;0.71;0.30851829;0.30851816;1.25724035404673e-7
0;0.56;0.72;0.33473517;0.33473511;6.38076262937659e-8
0;0.56;0.73;0.36238692;0.36238684;7.88700380560670e-8
0;0.56;0.74;0.39170846;0.39170848;-2.01050810999526e-8
0;0.56;0.75;0.42297875;0.42297871;4.13115103237160e-8
0;0.56;0.76;0.45652960;0.45652960;-3.69606678596313e-10
0;0.56;0.77;0.49275924;0.49275923;6.93300217236015e-9
0;0.56;0.78;0.53214794;0.53214794;-6.14689876776708e-9
0;0.56;0.79;0.57527938;0.57527943;-5.13508804367291e-8
0;0.56;0.8;0.62286849;0.62286853;-3.87714365057690e-8
0;0.56;0.81;0.67579826;0.67579827;-8.82008310831850e-9
0;0.56;0.82;0.73516981;0.73516982;-1.43981483402555e-8
0;0.56;0.83;0.80237097;0.80237096;1.83682464793833e-8
0;0.56;0.84;0.87917127;0.87917131;-4.11347040873977e-8
0;0.56;0.85;0.96785746;0.96785750;-3.36373244813615e-8
0;0.56;0.86;1.0714286;1.0714286;8.74432748432241e-10
0;0.56;0.87;1.1923078;1.1923077;6.16346271797852e-8
0;0.56;0.88;1.3333334;1.3333333;1.90145155176680e-8
0;0.56;0.89;1.4999999;1.5000000;-8.96600340638543e-8
0;0.56;0.9;1.7000001;1.7000000;9.05993000621663e-8
0;0.56;0.91;1.9444444;1.9444444;-3.27542348799170e-8
0;0.56;0.92;2.2500000;2.2500000;-3.43461983298710e-8
0;0.56;0.93;2.6428571;2.6428571;-8.16948442228238e-8
0;0.56;0.94;3.1666666;3.1666667;-3.13857713152288e-8
0;0.56;0.95;3.8999998;3.9000000;-1.71273033533481e-7
0;0.56;0.96;4.9999998;5.0000000;-1.59884217865169e-7
0;0.56;0.97;6.8333330;6.8333333;-3.55468142032578e-7
0;0.56;0.98;10.499998;10.500000;-2.05110263706842e-6
0;0.56;0.99;21.499999;21.500000;-1.43792395235209e-6
0;0.57;0.58;0.018021437;0.018021287;1.49456753487098e-7
0;0.57;0.59;0.036213116;0.036213046;6.98193642206801e-8
0;0.57;0.6;0.054607107;0.054606985;1.21970340188904e-7
0;0.57;0.61;0.073239082;0.073239043;3.89681789336738e-8
0;0.57;0.62;0.092150132;0.092150023;1.09114378366026e-7
0;0.57;0.63;0.11138635;0.11138634;9.44398306779171e-9
0;0.57;0.64;0.13100101;0.13100093;7.74218540944283e-8
0;0.57;0.65;0.15105428;0.15105425;3.09427607703139e-8
0;0.57;0.66;0.17161564;0.17161559;4.68880253234882e-8
0;0.57;0.67;0.19276460;0.19276452;7.71012684808170e-8
0;0.57;0.68;0.21459276;0.21459272;4.53613760997840e-8
0;0.57;0.69;0.23720620;0.23720612;7.88692675612879e-8
0;0.57;0.7;0.26072763;0.26072760;3.28216032130513e-8
0;0.57;0.71;0.28530016;0.28530014;2.57022039762411e-8
0;0.57;0.72;0.31109081;0.31109081;-3.57810298057260e-9
0;0.57;0.73;0.33829576;0.33829571;4.56958183514544e-8
0;0.57;0.74;0.36714602;0.36714602;1.63843266731689e-9
0;0.57;0.75;0.39791565;0.39791565;1.88897675279520e-9
0;0.57;0.76;0.43093100;0.43093100;3.32837224448213e-9
0;0.57;0.77;0.46658331;0.46658325;5.66755499198379e-8
0;0.57;0.78;0.50534432;0.50534432;-1.60085278366751e-11
0;0.57;0.79;0.54778755;0.54778758;-3.63769340205877e-8
0;0.57;0.8;0.59461513;0.59461513;7.74302821859862e-9
0;0.57;0.81;0.64669405;0.64669406;-2.77262168779657e-9
0;0.57;0.82;0.70510552;0.70510552;1.53861334784011e-9
0;0.57;0.83;0.77121180;0.77121179;3.71313391145378e-9
0;0.57;0.84;0.84674981;0.84674974;6.78732547942928e-8
0;0.57;0.85;0.93396328;0.93396322;6.87490072648345e-8
0;0.57;0.86;1.0357143;1.0357143;-2.58380561390936e-9
0;0.57;0.87;1.1538462;1.1538462;1.23102534832498e-8
0;0.57;0.88;1.2916666;1.2916667;-3.75537971830653e-8
0;0.57;0.89;1.4545454;1.4545455;-9.04574763982424e-8
0;0.57;0.9;1.6500000;1.6500000;-2.96666509136401e-8
0;0.57;0.91;1.8888888;1.8888889;-1.01307779276638e-7
0;0.57;0.92;2.1874998;2.1875000;-1.57031283976039e-7
0;0.57;0.93;2.5714286;2.5714286;2.58895083149469e-9
0;0.57;0.94;3.0833332;3.0833333;-1.21081967563441e-7
0;0.57;0.95;3.8000000;3.8000000;-3.57126426209220e-8
0;0.57;0.96;4.8749998;4.8750000;-1.73080472620768e-7
0;0.57;0.97;6.6666662;6.6666667;-4.23736900678762e-7
0;0.57;0.98;10.249999;10.250000;-6.32266106137536e-7
0;0.57;0.99;20.999998;21.000000;-1.78034792241988e-6
0;0.58;0.59;0.017859846;0.017859763;8.29385211724432e-8
0;0.58;0.6;0.035920083;0.035920037;4.56213388663751e-8
0;0.58;0.61;0.054216236;0.054216213;2.29069054905051e-8
0;0.58;0.62;0.072788554;0.072788463;9.05708598675226e-8
0;0.58;0.63;0.091682571;0.091682482;8.89811600235380e-8
0;0.58;0.64;0.11095043;0.11095035;8.11622847679550e-8
0;0.58;0.65;0.13065163;0.13065158;5.22441063743884e-8
0;0.58;0.66;0.15085434;0.15085431;2.90287669457712e-8
0;0.58;0.67;0.17163684;0.17163681;2.97870775267661e-8
0;0.58;0.68;0.19308930;0.19308924;6.17733174057555e-8
0;0.58;0.69;0.21531580;0.21531576;4.22884578465954e-8
0;0.58;0.7;0.23843717;0.23843714;2.93626719050089e-8
0;0.58;0.71;0.26259395;0.26259392;2.49724454448597e-8
0;0.58;0.72;0.28795028;0.28795029;-8.55918280695533e-9
0;0.58;0.73;0.31469897;0.31469889;8.05039466200697e-8
0;0.58;0.74;0.34306684;0.34306683;8.08975697541570e-9
0;0.58;0.75;0.37332320;0.37332315;4.88703866263762e-8
0;0.58;0.76;0.40578843;0.40578837;5.45756086989257e-8
0;0.58;0.77;0.44084658;0.44084658;1.81922044095728e-9
0;0.58;0.78;0.47896113;0.47896106;7.22034293465512e-8
0;0.58;0.79;0.52069463;0.52069460;3.75155359000345e-8
0;0.58;0.8;0.56673613;0.56673621;-7.53118403196140e-8
0;0.58;0.81;0.61793674;0.61793673;1.25451513621755e-8
0;0.58;0.82;0.67535677;0.67535684;-6.74897451258261e-8
0;0.58;0.83;0.74033277;0.74033281;-4.50714973121435e-8
0;0.58;0.84;0.81456818;0.81456810;7.85471536701721e-8
0;0.58;0.85;0.90026301;0.90026302;-1.63372845252141e-8
0;0.58;0.86;1.0000000;1.0000000;4.31474693751710e-8
0;0.58;0.87;1.1153845;1.1153846;-8.59769457850490e-8
0;0.58;0.88;1.2500000;1.2500000;-2.26317502516338e-8
0;0.58;0.89;1.4090909;1.4090909;-4.15403895726030e-8
0;0.58;0.9;1.6000000;1.6000000;-4.94086898061852e-8
0;0.58;0.91;1.8333333;1.8333333;-4.19286638742022e-8
0;0.58;0.92;2.1249999;2.1250000;-9.16717053378591e-8
0;0.58;0.93;2.5000000;2.5000000;-1.40758009692377e-8
0;0.58;0.94;2.9999999;3.0000000;-1.40963305472752e-7
0;0.58;0.95;3.6999999;3.7000000;-1.18840450369362e-7
0;0.58;0.96;4.7499996;4.7500000;-4.17314211631492e-7
0;0.58;0.97;6.4999995;6.5000000;-4.58719058293866e-7
0;0.58;0.98;9.9999994;10.000000;-5.48099881925168e-7
0;0.58;0.99;20.499998;20.500000;-1.76290395614842e-6
0;0.59;0.6;0.017729080;0.017728957;1.23034643143699e-7
0;0.59;0.61;0.035691164;0.035691022;1.42564333907580e-7
0;0.59;0.62;0.053925737;0.053925703;3.45299040541147e-8
0;0.59;0.63;0.072477982;0.072477927;5.40766090101341e-8
0;0.59;0.64;0.091398959;0.091398896;6.26038480777691e-8
0;0.59;0.65;0.11074713;0.11074709;3.47518985255313e-8
0;0.59;0.66;0.13058958;0.13058949;8.64469682504421e-8
0;0.59;0.67;0.15100302;0.15100300;2.49496185933396e-8
0;0.59;0.68;0.17207619;0.17207617;2.43942110955686e-8
0;0.59;0.69;0.19391140;0.19391132;7.64412466103259e-8
0;0.59;0.7;0.21662711;0.21662707;4.20963551794884e-8
0;0.59;0.71;0.24036136;0.24036139;-3.57534326589359e-8
0;0.59;0.72;0.26527552;0.26527550;2.24849787677783e-8
0;0.59;0.73;0.29155855;0.29155850;5.35892419883943e-8
0;0.59;0.74;0.31943331;0.31943327;3.77979194055023e-8
0;0.59;0.75;0.34916383;0.34916385;-1.98507147941562e-8
0;0.59;0.76;0.38106472;0.38106471;9.04802516243919e-9
0;0.59;0.77;0.41551266;0.41551267;-8.13825240530974e-9
0;0.59;0.78;0.45296220;0.45296213;6.08421655279301e-8
0;0.59;0.79;0.49396511;0.49396507;3.14695878245175e-8
0;0.59;0.8;0.53919715;0.53919714;1.00213324305543e-8
0;0.59;0.81;0.58949251;0.58949253;-2.09170923914925e-8
0;0.59;0.82;0.64589107;0.64589105;2.65062993776155e-8
0;0.59;0.83;0.70970258;0.70970248;9.47696313646773e-8
0;0.59;0.84;0.78259624;0.78259624;-2.61280641566941e-9
0;0.59;0.85;0.86672835;0.86672839;-3.62065922798749e-8
0;0.59;0.86;0.96428573;0.96428571;1.93657156977167e-8
0;0.59;0.87;1.0769231;1.0769231;5.57059909311874e-9
0;0.59;0.88;1.2083333;1.2083333;-4.46718604329988e-8
0;0.59;0.89;1.3636363;1.3636364;-5.05703139364044e-8
0;0.59;0.9;1.5500000;1.5500000;-3.51616156191170e-8
0;0.59;0.91;1.7777778;1.7777778;2.68846807038869e-8
0;0.59;0.92;2.0625000;2.0625000;3.06329721588838e-8
0;0.59;0.93;2.4285715;2.4285714;3.15289399033247e-8
0;0.59;0.94;2.9166663;2.9166667;-3.38722998094454e-7
0;0.59;0.95;3.5999998;3.6000000;-2.25300833101016e-7
0;0.59;0.96;4.6249998;4.6250000;-2.35148118754580e-7
0;0.59;0.97;6.3333329;6.3333333;-4.14901952794366e-7
0;0.59;0.98;9.7499991;9.7500000;-8.75360912644396e-7
0;0.59;0.99;19.999997;20.000000;-2.52176333148668e-6
0;0.6;0.61;0.017629536;0.017629447;8.82963899981326e-8
0;0.6;0.62;0.035527513;0.035527464;4.86804157817655e-8
0;0.6;0.63;0.053738208;0.053738173;3.47934132338690e-8
0;0.6;0.64;0.072311923;0.072311851;7.18544534844545e-8
0;0.6;0.65;0.091306009;0.091305919;8.97387990028697e-8
0;0.6;0.66;0.11078619;0.11078612;7.11864780456040e-8
0;0.6;0.67;0.13082800;0.13082794;5.43250805729034e-8
0;0.6;0.68;0.15151837;0.15151830;7.57448996024923e-8
0;0.6;0.69;0.17295760;0.17295757;2.44909619251388e-8
0;0.6;0.7;0.19526219;0.19526215;4.13027922419040e-8
0;0.6;0.71;0.21856738;0.21856738;2.92893931330696e-9
0;0.6;0.72;0.24303139;0.24303138;5.18315484976384e-9
0;0.6;0.73;0.26883966;0.26883962;4.15084280280809e-8
0;0.6;0.74;0.29621074;0.29621065;9.14115744765631e-8
0;0.6;0.75;0.32540337;0.32540333;3.99685344820710e-8
0;0.6;0.76;0.35672597;0.35672596;8.69333904862657e-9
0;0.6;0.77;0.39054787;0.39054787;1.45904077708536e-9
0;0.6;0.78;0.42731448;0.42731443;4.60155308856791e-8
0;0.6;0.79;0.46756650;0.46756652;-1.36798098404611e-8
0;0.6;0.8;0.51196608;0.51196613;-4.85580169407029e-8
0;0.6;0.81;0.56133056;0.56133051;4.51170595328065e-8
0;0.6;0.82;0.61667817;0.61667819;-2.52957458313219e-8
0;0.6;0.83;0.67929196;0.67929197;-1.04281281387841e-8
0;0.6;0.84;0.75080670;0.75080666;4.28095243698579e-8
0;0.6;0.85;0.83333343;0.83333333;1.00675612846324e-7
0;0.6;0.86;0.92857146;0.92857143;3.27773568287171e-8
0;0.6;0.87;1.0384615;1.0384615;-1.07167725804658e-8
0;0.6;0.88;1.1666667;1.1666667;6.96885023021565e-8
0;0.6;0.89;1.3181818;1.3181818;-3.46091477698707e-8
0;0.6;0.9;1.5000000;1.5000000;4.22800543464774e-8
0;0.6;0.91;1.7222222;1.7222222;-4.18903276511173e-8
0;0.6;0.92;1.9999998;2.0000000;-1.69736536381748e-7
0;0.6;0.93;2.3571427;2.3571429;-1.61805784326674e-7
0;0.6;0.94;2.8333334;2.8333333;6.15276798399123e-8
0;0.6;0.95;3.4999998;3.5000000;-1.72417252031210e-7
0;0.6;0.96;4.4999997;4.5000000;-2.72209383034294e-7
0;0.6;0.97;6.1666663;6.1666667;-4.02999187798514e-7
0;0.6;0.98;9.4999994;9.5000000;-6.45613921435029e-7
0;0.6;0.99;19.499998;19.500000;-2.09406433526738e-6
0;0.61;0.62;0.017562117;0.017562025;9.12718421536285e-8
0;0.61;0.63;0.035431349;0.035431291;5.83585061039726e-8
0;0.61;0.64;0.053657140;0.053657109;3.13451648803476e-8
0;0.61;0.65;0.072295905;0.072295793;1.11606258706987e-7
0;0.61;0.66;0.091411876;0.091411812;6.37454257712555e-8
0;0.61;0.67;0.11107923;0.11107917;5.74290306837311e-8
0;0.61;0.68;0.13138311;0.13138309;2.83704790215999e-8
0;0.61;0.69;0.15242201;0.15242196;5.40390344694330e-8
0;0.61;0.7;0.17430986;0.17430984;1.91334542098964e-8
0;0.61;0.71;0.19717945;0.19717940;4.08508658567008e-8
0;0.61;0.72;0.22118564;0.22118557;6.71955522058010e-8
0;0.61;0.73;0.24651010;0.24651005;5.00014097626345e-8
0;0.61;0.74;0.27336694;0.27336696;-1.72754233696004e-8
0;0.61;0.75;0.30200989;0.30200987;2.65700624835219e-8
0;0.61;0.76;0.33274075;0.33274072;3.24199785350920e-8
0;0.61;0.77;0.36592127;0.36592122;5.32970789723919e-8
0;0.61;0.78;0.40198747;0.40198747;3.25223170616340e-9
0;0.61;0.79;0.44146905;0.44146903;2.35547927829316e-8
0;0.61;0.8;0.48501400;0.48501398;1.24672653867286e-8
0;0.61;0.81;0.53342232;0.53342229;2.91588396761355e-8
0;0.61;0.82;0.58769084;0.58769081;2.42793928295626e-8
0;0.61;0.83;0.64907485;0.64907492;-6.35801652437706e-8
0;0.61;0.84;0.71917426;0.71917424;1.38037620223130e-8
0;0.61;0.85;0.79999999;0.80000000;-1.34658438843971e-8
0;0.61;0.86;0.89285720;0.89285714;5.54157203458416e-8
0;0.61;0.87;1.0000000;1.0000000;2.62462296340971e-9
0;0.61;0.88;1.1250000;1.1250000;-3.19798518777503e-8
0;0.61;0.89;1.2727273;1.2727273;3.95113521900470e-8
0;0.61;0.9;1.4499999;1.4500000;-1.21991406532018e-7
0;0.61;0.91;1.6666667;1.6666667;-1.25599006750576e-8
0;0.61;0.92;1.9374999;1.9375000;-7.62633958206749e-8
0;0.61;0.93;2.2857143;2.2857143;-8.04769362261482e-9
0;0.61;0.94;2.7500000;2.7500000;2.37057973251353e-9
0;0.61;0.95;3.4000000;3.4000000;-2.13035038498788e-8
0;0.61;0.96;4.3749997;4.3750000;-2.53755079171469e-7
0;0.61;0.97;5.9999996;6.0000000;-4.18783603350903e-7
0;0.61;0.98;9.2499993;9.2500000;-6.81705177640879e-7
0;0.61;0.99;18.999998;19.000000;-1.82559604411381e-6
0;0.62;0.63;0.017527788;0.017527707;8.11583046184117e-8
0;0.62;0.64;0.035404989;0.035404933;5.55403291482848e-8
0;0.62;0.65;0.053686888;0.053686842;4.56416335281595e-8
0;0.62;0.66;0.072436654;0.072436580;7.41523106112529e-8
0;0.62;0.67;0.091726740;0.091726630;1.09611599713455e-7
0;0.62;0.68;0.11164052;0.11164043;8.64102155800905e-8
0;0.62;0.69;0.13227444;0.13227436;8.03096782686641e-8
0;0.62;0.7;0.15374011;0.15374007;4.35814595245443e-8
0;0.62;0.71;0.17616750;0.17616744;6.13223608558755e-8
0;0.62;0.72;0.19970819;0.19970814;5.13379887490117e-8
0;0.62;0.73;0.22454007;0.22454003;4.22419014212139e-8
0;0.62;0.74;0.25087267;0.25087266;1.53128354440923e-8
0;0.62;0.75;0.27895423;0.27895418;5.65354425496878e-8
0;0.62;0.76;0.30908009;0.30908005;4.37641005657241e-8
0;0.62;0.77;0.34160422;0.34160417;5.43433590349807e-8
0;0.62;0.78;0.37695322;0.37695318;4.13878122329514e-8
0;0.62;0.79;0.41564515;0.41564511;3.83129985515041e-8
0;0.62;0.8;0.45831383;0.45831386;-3.37096801028558e-8
0;0.62;0.81;0.50574180;0.50574179;8.89364282219418e-9
0;0.62;0.82;0.55890370;0.55890372;-1.91716247321949e-8
0;0.62;0.83;0.61902723;0.61902715;7.72192022546747e-8
0;0.62;0.84;0.68767609;0.68767602;7.05615175178309e-8
0;0.62;0.85;0.76666675;0.76666667;8.15108120999497e-8
0;0.62;0.86;0.85714290;0.85714286;3.87304843751934e-8
0;0.62;0.87;0.96153847;0.96153846;1.15219125351729e-8
0;0.62;0.88;1.0833334;1.0833333;2.90168236105615e-8
0;0.62;0.89;1.2272728;1.2272727;6.38665249574899e-8
0;0.62;0.9;1.4000000;1.4000000;3.20312154578062e-9
0;0.62;0.91;1.6111111;1.6111111;-9.09302833029813e-9
0;0.62;0.92;1.8750000;1.8750000;-2.54828276258223e-8
0;0.62;0.93;2.2142857;2.2142857;1.76003589480445e-8
0;0.62;0.94;2.6666666;2.6666667;-7.33946636799487e-8
0;0.62;0.95;3.2999997;3.3000000;-2.63570172354122e-7
0;0.62;0.96;4.2499999;4.2500000;-1.24061117823260e-7
0;0.62;0.97;5.8333333;5.8333333;-6.01974683434037e-8
0;0.62;0.98;8.9999997;9.0000000;-3.00607482017767e-7
0;0.62;0.99;18.499998;18.500000;-1.60803919513341e-6
0;0.63;0.64;0.017527900;0.017527757;1.43101560448611e-7
0;0.63;0.65;0.035451443;0.035451379;6.47317871249609e-8
0;0.63;0.66;0.053832736;0.053832645;9.13607337629796e-8
0;0.63;0.67;0.072742518;0.072742463;5.47963109054361e-8
0;0.63;0.68;0.092262531;0.092262457;7.40132135579330e-8
0;0.63;0.69;0.11248692;0.11248688;3.94609003528945e-8
0;0.63;0.7;0.13352504;0.13352496;7.86527122320635e-8
0;0.63;0.71;0.15550377;0.15550371;6.48524600688205e-8
0;0.63;0.72;0.17857149;0.17857143;5.92095678042526e-8
0;0.63;0.73;0.20290204;0.20290204;1.37998998339661e-9
0;0.63;0.74;0.22870055;0.22870044;1.06021277146429e-7
0;0.63;0.75;0.25620925;0.25620922;2.87669910115085e-8
0;0.63;0.76;0.28571728;0.28571723;5.25844894294636e-8
0;0.63;0.77;0.31757044;0.31757038;5.65935489582614e-8
0;0.63;0.78;0.35218572;0.35218569;2.16054362178753e-8
0;0.63;0.79;0.39006949;0.39006943;6.14673984489222e-8
0;0.63;0.8;0.43184108;0.43184105;3.06757042545236e-8
0;0.63;0.81;0.47826512;0.47826503;8.66630516793698e-8
0;0.63;0.82;0.53029378;0.53029380;-2.61563181114255e-8
0;0.63;0.83;0.58912650;0.58912656;-5.81560715140483e-8
0;0.63;0.84;0.65629093;0.65629101;-8.33601924155047e-8
0;0.63;0.85;0.73333335;0.73333333;1.54542453278950e-8
0;0.63;0.86;0.82142856;0.82142857;-1.23534971141481e-8
0;0.63;0.87;0.92307698;0.92307692;6.07393659812772e-8
0;0.63;0.88;1.0416668;1.0416667;9.88409294411241e-8
0;0.63;0.89;1.1818181;1.1818182;-4.14599494735768e-8
0;0.63;0.9;1.3500000;1.3500000;-6.93073509694386e-9
0;0.63;0.91;1.5555554;1.5555556;-1.28478481187244e-7
0;0.63;0.92;1.8125000;1.8125000;-1.30335158221584e-8
0;0.63;0.93;2.1428572;2.1428571;2.37967476834910e-8
0;0.63;0.94;2.5833331;2.5833333;-2.04735210562745e-7
0;0.63;0.95;3.1999999;3.2000000;-1.11589105955545e-7
0;0.63;0.96;4.1250000;4.1250000;6.03783334440777e-9
0;0.63;0.97;5.6666664;5.6666667;-2.68836651606819e-7
0;0.63;0.98;8.7499994;8.7500000;-5.94511163853895e-7
0;0.63;0.99;17.999999;18.000000;-1.20892525856675e-6
0;0.64;0.65;0.017563823;0.017563716;1.06876978267501e-7
0;0.64;0.66;0.035574325;0.035574237;8.79340365383952e-8
0;0.64;0.67;0.054100904;0.054100849;5.49372224448175e-8
0;0.64;0.68;0.073223368;0.073223305;6.32459214583436e-8
0;0.64;0.69;0.093033765;0.093033695;7.04232765158519e-8
0;0.64;0.7;0.11363879;0.11363872;6.74315206311560e-8
0;0.64;0.71;0.13516255;0.13516247;7.82405626398308e-8
0;0.64;0.72;0.15774983;0.15774981;1.86885545649940e-8
0;0.64;0.73;0.18157069;0.18157063;5.41393124775524e-8
0;0.64;0.74;0.20682510;0.20682505;4.91000635149952e-8
0;0.64;0.75;0.23375008;0.23375000;7.99292229902715e-8
0;0.64;0.76;0.26262756;0.26262756;-2.69391164930965e-9
0;0.64;0.77;0.29379555;0.29379555;8.91376056300075e-9
0;0.64;0.78;0.32766117;0.32766113;3.65633499033180e-8
0;0.64;0.79;0.36471869;0.36471863;6.26608462894751e-8
0;0.64;0.8;0.40557284;0.40557281;2.80413197106810e-8
0;0.64;0.81;0.45096999;0.45096997;2.02653915315487e-8
0;0.64;0.82;0.50183985;0.50183983;2.06368150346137e-8
0;0.64;0.83;0.55935288;0.55935284;4.08881178914910e-8
0;0.64;0.84;0.62500008;0.62500000;8.34047075848332e-8
0;0.64;0.85;0.70000004;0.70000000;4.06182071310823e-8
0;0.64;0.86;0.78571424;0.78571429;-4.37093941041411e-8
0;0.64;0.87;0.88461544;0.88461538;5.54100177962980e-8
0;0.64;0.88;1.0000000;1.0000000;7.18576265157367e-9
0;0.64;0.89;1.1363637;1.1363636;5.53322576646309e-8
0;0.64;0.9;1.2999999;1.3000000;-1.15642861286958e-7
0;0.64;0.91;1.5000000;1.5000000;-2.81970238269480e-8
0;0.64;0.92;1.7500001;1.7500000;6.67409263410690e-8
0;0.64;0.93;2.0714284;2.0714286;-1.51625049849002e-7
0;0.64;0.94;2.5000000;2.5000000;-3.04727043598518e-9
0;0.64;0.95;3.0999998;3.1000000;-1.80317855313916e-7
0;0.64;0.96;3.9999999;4.0000000;-9.47223579572665e-8
0;0.64;0.97;5.4999998;5.5000000;-1.86107542710090e-7
0;0.64;0.98;8.4999994;8.5000000;-5.66981887217821e-7
0;0.64;0.99;17.499998;17.500000;-1.89315445098259e-6
0;0.65;0.66;0.017637589;0.017637432;1.56453337819829e-7
0;0.65;0.67;0.035777879;0.035777819;6.06794978985636e-8
0;0.65;0.68;0.054499068;0.054498989;7.84690240701602e-8
0;0.65;0.69;0.073890849;0.073890813;3.59138759009614e-8
0;0.65;0.7;0.094057450;0.094057414;3.64131653718403e-8
0;0.65;0.71;0.11511997;0.11511987;9.32483970733644e-8
0;0.65;0.72;0.13721967;0.13721955;1.19009248955582e-7
0;0.65;0.73;0.16052225;0.16052221;4.20597922601296e-8
0;0.65;0.74;0.18522313;0.18522309;4.04280480759134e-8
0;0.65;0.75;0.21155340;0.21155337;3.22230419291802e-8
0;0.65;0.76;0.23978830;0.23978822;7.65936316315941e-8
0;0.65;0.77;0.27025719;0.27025718;1.39061104298399e-8
0;0.65;0.78;0.30335745;0.30335744;1.38794898352224e-8
0;0.65;0.79;0.33957123;0.33957115;7.51250002206660e-8
0;0.65;0.8;0.37948815;0.37948817;-1.42690115279009e-8
0;0.65;0.81;0.42383637;0.42383633;4.64450193859989e-8
0;0.65;0.82;0.47352230;0.47352228;2.08279284374946e-8
0;0.65;0.83;0.52968744;0.52968738;6.87438894697578e-8
0;0.65;0.84;0.59375009;0.59375000;8.94945721974238e-8
0;0.65;0.85;0.66666676;0.66666667;9.01591735713581e-8
0;0.65;0.86;0.75000001;0.75000000;6.75638178737614e-9
0;0.65;0.87;0.84615384;0.84615385;-7.21773218970156e-9
0;0.65;0.88;0.95833334;0.95833333;9.89724557864946e-9
0;0.65;0.89;1.0909090;1.0909091;-4.16588883389579e-8
0;0.65;0.9;1.2500000;1.2500000;1.05047996967755e-8
0;0.65;0.91;1.4444444;1.4444444;-5.01744761294276e-8
0;0.65;0.92;1.6875000;1.6875000;4.26846185064278e-8
0;0.65;0.93;2.0000000;2.0000000;-1.01496886451002e-8
0;0.65;0.94;2.4166666;2.4166667;-5.44528373502828e-8
0;0.65;0.95;2.9999999;3.0000000;-1.42422310389634e-7
0;0.65;0.96;3.8750000;3.8750000;6.03486638439676e-9
0;0.65;0.97;5.3333329;5.3333333;-4.47504441503099e-7
0;0.65;0.98;8.2499992;8.2500000;-7.78255158095931e-7
0;0.65;0.99;16.999999;17.000000;-1.30849631929664e-6
0;0.66;0.67;0.017751195;0.017751104;9.07243953920944e-8
0;0.66;0.68;0.036067300;0.036067233;6.72378294014342e-8
0;0.66;0.69;0.055036029;0.055035978;5.12340396080502e-8
0;0.66;0.7;0.074758842;0.074758825;1.69743015615564e-8
0;0.66;0.71;0.095353865;0.095353784;8.10711994619906e-8
0;0.66;0.72;0.11695869;0.11695863;6.18161400955941e-8
0;0.66;0.73;0.13973498;0.13973491;6.47133855946613e-8
0;0.66;0.74;0.16387298;0.16387291;6.78509494700386e-8
0;0.66;0.75;0.18959796;0.18959791;5.73711203266658e-8
0;0.66;0.76;0.21717812;0.21717806;6.12438390557024e-8
0;0.66;0.77;0.24693453;0.24693450;3.29697572576393e-8
0;0.66;0.78;0.27925426;0.27925425;1.05485965518071e-8
0;0.66;0.79;0.31460714;0.31460711;3.39520128123105e-8
0;0.66;0.8;0.35356777;0.35356779;-2.29847729737997e-8
0;0.66;0.81;0.39684543;0.39684540;3.49724943449203e-8
0;0.66;0.82;0.44532326;0.44532321;5.20285555194455e-8
0;0.66;0.83;0.50011309;0.50011308;1.44348688557727e-8
0;0.66;0.84;0.56250008;0.56250000;7.61426536266541e-8
0;0.66;0.85;0.63333339;0.63333333;6.05385511720513e-8
0;0.66;0.86;0.71428573;0.71428571;1.96404217334134e-8
0;0.66;0.87;0.80769230;0.80769231;-3.59760299328826e-9
0;0.66;0.88;0.91666665;0.91666667;-1.99487200092108e-8
0;0.66;0.89;1.0454546;1.0454545;8.08022515563778e-8
0;0.66;0.9;1.2000000;1.2000000;3.04246376980899e-8
0;0.66;0.91;1.3888888;1.3888889;-1.22988099038324e-7
0;0.66;0.92;1.6249999;1.6250000;-8.52033712472888e-8
0;0.66;0.93;1.9285714;1.9285714;-3.35081928870551e-8
0;0.66;0.94;2.3333332;2.3333333;-1.61060188297313e-7
0;0.66;0.95;2.8999999;2.9000000;-1.26956044788074e-7
0;0.66;0.96;3.7499999;3.7500000;-9.84498274014811e-8
0;0.66;0.97;5.1666664;5.1666667;-2.33198792720657e-7
0;0.66;0.98;7.9999995;8.0000000;-5.05075128387489e-7
0;0.66;0.99;16.499999;16.500000;-1.25334298672897e-6
0;0.67;0.68;0.017907436;0.017907325;1.10581947092292e-7
0;0.67;0.69;0.036448570;0.036448502;6.83533689996296e-8
0;0.67;0.7;0.055722394;0.055722318;7.64331021529951e-8
0;0.67;0.71;0.075843690;0.075843649;4.09457244776590e-8
0;0.67;0.72;0.096946630;0.096946612;1.86906142507492e-8
0;0.67;0.73;0.11918851;0.11918845;5.48392024152244e-8
0;0.67;0.74;0.14275450;0.14275440;9.47175131105205e-8
0;0.67;0.75;0.16786381;0.16786375;6.38344438419480e-8
0;0.67;0.76;0.19477755;0.19477752;3.09128338760178e-8
0;0.67;0.77;0.22380831;0.22380827;3.93038055435113e-8
0;0.67;0.78;0.25533280;0.25533272;7.62070668791637e-8
0;0.67;0.79;0.28980813;0.28980813;5.34665101081799e-9
0;0.67;0.8;0.32779388;0.32779383;4.87027203566193e-8
0;0.67;0.81;0.36997997;0.36997996;1.79946967882039e-8
0;0.67;0.82;0.41722612;0.41722610;1.47937714856106e-8
0;0.67;0.83;0.47061429;0.47061425;3.87500215803804e-8
0;0.67;0.84;0.53125008;0.53125000;7.91890528706318e-8
0;0.67;0.85;0.60000006;0.60000000;6.08239074662009e-8
0;0.67;0.86;0.67857151;0.67857143;8.15719862767850e-8
0;0.67;0.87;0.76923086;0.76923077;8.94503943138503e-8
0;0.67;0.88;0.87500000;0.87500000;-5.09419850747150e-9
0;0.67;0.89;1.0000000;1.0000000;3.52908706702237e-8
0;0.67;0.9;1.1500000;1.1500000;-9.99703719806178e-9
0;0.67;0.91;1.3333333;1.3333333;-3.58762317631545e-8
0;0.67;0.92;1.5625000;1.5625000;1.77720054228558e-8
0;0.67;0.93;1.8571428;1.8571429;-4.14307721463558e-8
0;0.67;0.94;2.2500000;2.2500000;-4.90843237166416e-8
0;0.67;0.95;2.7999998;2.8000000;-1.70478423822118e-7
0;0.67;0.96;3.6249999;3.6250000;-6.16502262573704e-8
0;0.67;0.97;4.9999998;5.0000000;-2.05630535710100e-7
0;0.67;0.98;7.7499991;7.7500000;-9.30910632135351e-7
0;0.67;0.99;15.999999;16.000000;-8.95935290401439e-7
0;0.68;0.69;0.018109280;0.018109145;1.35227299136176e-7
0;0.68;0.7;0.036928816;0.036928708;1.08141045389309e-7
0;0.68;0.71;0.056570457;0.056570365;9.18136352084931e-8
0;0.68;0.72;0.077164541;0.077164502;3.83356661137757e-8
0;0.68;0.73;0.098864075;0.098863995;8.04803424875322e-8
0;0.68;0.74;0.12184897;0.12184892;4.70600194646398e-8
0;0.68;0.75;0.14633255;0.14633248;7.20067529214052e-8
0;0.68;0.76;0.17256847;0.17256843;3.90461432075995e-8
0;0.68;0.77;0.20086071;0.20086067;4.01783719905513e-8
0;0.68;0.78;0.23157552;0.23157541;1.03642349869038e-7
0;0.68;0.79;0.26515721;0.26515720;1.05648299553174e-8
0;0.68;0.8;0.30214984;0.30214980;3.39486964651137e-8
0;0.68;0.81;0.34322415;0.34322412;3.15889104318678e-8
0;0.68;0.82;0.38921573;0.38921575;-1.86995334217066e-8
0;0.68;0.83;0.44117654;0.44117647;6.68827607741562e-8
0;0.68;0.84;0.50000005;0.50000000;4.57667082010005e-8
0;0.68;0.85;0.56666667;0.56666667;2.81927525769277e-9
0;0.68;0.86;0.64285722;0.64285714;7.77189965717184e-8
0;0.68;0.87;0.73076915;0.73076923;-8.27818588122753e-8
0;0.68;0.88;0.83333339;0.83333333;6.04757572908454e-8
0;0.68;0.89;0.95454545;0.95454545;-7.64278440534838e-9
0;0.68;0.9;1.1000000;1.1000000;-1.30057564717845e-9
0;0.68;0.91;1.2777778;1.2777778;-2.56704966172805e-8
0;0.68;0.92;1.5000000;1.5000000;-3.70735284693779e-8
0;0.68;0.93;1.7857143;1.7857143;-3.21943871561814e-8
0;0.68;0.94;2.1666665;2.1666667;-1.66672737833551e-7
0;0.68;0.95;2.6999999;2.7000000;-6.68103794509989e-8
0;0.68;0.96;3.4999999;3.5000000;-9.86272850056480e-8
0;0.68;0.97;4.8333330;4.8333333;-3.10812812820416e-7
0;0.68;0.98;7.4999997;7.5000000;-3.37474778788760e-7
0;0.68;0.99;15.499998;15.500000;-1.74662832463923e-6
0;0.69;0.7;0.018360257;0.018360142;1.15058453362127e-7
0;0.69;0.71;0.037516211;0.037516165;4.55848003372283e-8
0;0.69;0.72;0.057594725;0.057594652;7.28848935510618e-8
0;0.69;0.73;0.078744087;0.078744031;5.52905124601155e-8
0;0.69;0.74;0.10113920;0.10113915;5.56190174333393e-8
0;0.69;0.75;0.12498706;0.12498700;6.31333253869881e-8
0;0.69;0.76;0.15053408;0.15053399;9.13009307879076e-8
0;0.69;0.77;0.17807522;0.17807518;4.41912060000771e-8
0;0.69;0.78;0.20796624;0.20796617;6.61709331495342e-8
0;0.69;0.79;0.24063868;0.24063861;6.51836905285474e-8
0;0.69;0.8;0.27662055;0.27662049;6.38140337239079e-8
0;0.69;0.81;0.31656327;0.31656322;4.72624667180455e-8
0;0.69;0.82;0.36127821;0.36127816;5.41384319596716e-8
0;0.69;0.83;0.41176479;0.41176471;8.04230269046968e-8
0;0.69;0.84;0.46875008;0.46875000;8.10749052893023e-8
0;0.69;0.85;0.53333339;0.53333333;5.42858693552972e-8
0;0.69;0.86;0.60714292;0.60714286;6.53984736365132e-8
0;0.69;0.87;0.69230774;0.69230769;4.92194841550386e-8
0;0.69;0.88;0.79166670;0.79166667;3.69624619800391e-8
0;0.69;0.89;0.90909094;0.90909091;2.88812674886785e-8
0;0.69;0.9;1.0499999;1.0500000;-7.71879256067365e-8
0;0.69;0.91;1.2222222;1.2222222;1.24978036808443e-8
0;0.69;0.92;1.4375000;1.4375000;-6.40451536249032e-9
0;0.69;0.93;1.7142858;1.7142857;7.71874850702403e-8
0;0.69;0.94;2.0833333;2.0833333;-8.36324840491898e-8
0;0.69;0.95;2.6000000;2.6000000;-4.04299016487641e-8
0;0.69;0.96;3.3750001;3.3750000;5.27376031733695e-8
0;0.69;0.97;4.6666665;4.6666667;-1.34568534981838e-7
0;0.69;0.98;7.2499994;7.2500000;-5.61745194360697e-7
0;0.69;0.99;14.999998;15.000000;-2.22765659607660e-6
0;0.7;0.71;0.018664611;0.018664511;1.00050271411439e-7
0;0.7;0.72;0.038220722;0.038220638;8.35103864393894e-8
0;0.7;0.73;0.058812352;0.058812285;6.70099530170054e-8
0;0.7;0.74;0.080609043;0.080608976;6.68499174349968e-8
0;0.7;0.75;0.10381149;0.10381142;7.21186723118272e-8
0;0.7;0.76;0.12865859;0.12865855;3.63970736882990e-8
0;0.7;0.77;0.15543651;0.15543648;3.84818886478566e-8
0;0.7;0.78;0.18449009;0.18449004;5.27248544268666e-8
0;0.7;0.79;0.21623779;0.21623781;-1.58529557814369e-8
0;0.7;0.8;0.25119182;0.25119180;1.45102721504919e-8
0;0.7;0.81;0.28998378;0.28998374;4.59285086629180e-8
0;0.7;0.82;0.33340038;0.33340041;-2.81420776682140e-8
0;0.7;0.83;0.38235298;0.38235294;3.70437816532565e-8
0;0.7;0.84;0.43750006;0.43750000;6.45887184291816e-8
0;0.7;0.85;0.50000006;0.50000000;5.98729469336590e-8
0;0.7;0.86;0.57142851;0.57142857;-6.09654882133270e-8
0;0.7;0.87;0.65384622;0.65384615;6.64035283426401e-8
0;0.7;0.88;0.75000006;0.75000000;5.89212468815603e-8
0;0.7;0.89;0.86363636;0.86363636;-2.00945193817859e-9
0;0.7;0.9;0.99999994;1.0000000;-5.85134386499320e-8
0;0.7;0.91;1.1666666;1.1666667;-3.69577690673140e-8
0;0.7;0.92;1.3750000;1.3750000;-1.29668653592319e-8
0;0.7;0.93;1.6428571;1.6428571;-1.53615893339065e-8
0;0.7;0.94;2.0000000;2.0000000;-2.14510549323421e-8
0;0.7;0.95;2.5000000;2.5000000;4.55136319743588e-8
0;0.7;0.96;3.2499997;3.2500000;-2.60297244203400e-7
0;0.7;0.97;4.4999998;4.5000000;-1.92146873523313e-7
0;0.7;0.98;6.9999996;7.0000000;-4.36572483941688e-7
0;0.7;0.99;14.499999;14.500000;-8.06663351227144e-7
0;0.71;0.72;0.019027252;0.019027169;8.26384461694030e-8
0;0.71;0.73;0.039053683;0.039053608;7.51879346491680e-8
0;0.71;0.74;0.060243480;0.060243438;4.18351001410522e-8
0;0.71;0.75;0.082791074;0.082790991;8.33720279203032e-8
0;0.71;0.76;0.10692772;0.10692761;1.04503927594868e-7
0;0.71;0.77;0.13293038;0.13293035;2.59116838818851e-8
0;0.71;0.78;0.16113322;0.16113314;8.15673545928597e-8
0;0.71;0.79;0.19194139;0.19194131;7.72430674977898e-8
0;0.71;0.8;0.22585074;0.22585072;1.87699411013931e-8
0;0.71;0.81;0.26347321;0.26347316;4.94962900665641e-8
0;0.71;0.82;0.30557068;0.30557060;7.78313895555272e-8
0;0.71;0.83;0.35294121;0.35294118;3.63045699058873e-8
0;0.71;0.84;0.40625007;0.40625000;7.35205445412390e-8
0;0.71;0.85;0.46666675;0.46666667;7.87110283062553e-8
0;0.71;0.86;0.53571435;0.53571429;6.70274584724240e-8
0;0.71;0.87;0.61538465;0.61538462;3.45146402569441e-8
0;0.71;0.88;0.70833343;0.70833333;9.22499541200494e-8
0;0.71;0.89;0.81818190;0.81818182;8.58183906160548e-8
0;0.71;0.9;0.95000005;0.95000000;4.94662014682845e-8
0;0.71;0.91;1.1111112;1.1111111;5.34118906880821e-8
0;0.71;0.92;1.3125001;1.3125000;5.77844154747709e-8
0;0.71;0.93;1.5714286;1.5714286;9.34507893290970e-9
0;0.71;0.94;1.9166666;1.9166667;-7.77059676604352e-8
0;0.71;0.95;2.4000000;2.4000000;-3.96596049334619e-8
0;0.71;0.96;3.1249999;3.1250000;-1.26602199390646e-7
0;0.71;0.97;4.3333331;4.3333333;-2.59933834456660e-7
0;0.71;0.98;6.7499999;6.7500000;-1.07751836786463e-7
0;0.71;0.99;13.999999;14.000000;-1.37046569825827e-6
0;0.72;0.73;0.019453987;0.019453894;9.36485053705527e-8
0;0.72;0.74;0.040028695;0.040028600;9.53909851664214e-8
0;0.72;0.75;0.061912043;0.061911977;6.61706002769158e-8
0;0.72;0.76;0.085327779;0.085327688;9.07661675125793e-8
0;0.72;0.77;0.11054369;0.11054360;8.63221643332412e-8
0;0.72;0.78;0.13788265;0.13788259;5.76561720588842e-8
0;0.72;0.79;0.16773669;0.16773663;6.00841031095367e-8
0;0.72;0.8;0.20058526;0.20058520;6.38673977315651e-8
0;0.72;0.81;0.23702000;0.23701995;5.22932864510661e-8
0;0.72;0.82;0.27777788;0.27777778;9.86320789486683e-8
0;0.72;0.83;0.32352947;0.32352941;6.03291218093105e-8
0;0.72;0.84;0.37500000;0.37500000;-2.89978374645727e-9
0;0.72;0.85;0.43333347;0.43333333;1.36391150484805e-7
0;0.72;0.86;0.50000005;0.50000000;5.01365783334151e-8
0;0.72;0.87;0.57692310;0.57692308;2.62578752074916e-8
0;0.72;0.88;0.66666666;0.66666667;-8.31886393104497e-9
0;0.72;0.89;0.77272731;0.77272727;3.48649122905442e-8
0;0.72;0.9;0.90000000;0.90000000;8.54447845810569e-10
0;0.72;0.91;1.0555556;1.0555556;3.80306444114353e-8
0;0.72;0.92;1.2500000;1.2500000;-5.92152127332213e-9
0;0.72;0.93;1.5000000;1.5000000;-9.44340672326405e-9
0;0.72;0.94;1.8333334;1.8333333;5.21997651770079e-8
0;0.72;0.95;2.3000001;2.3000000;5.55178618633079e-8
0;0.72;0.96;3.0000001;3.0000000;7.55013052078368e-8
0;0.72;0.97;4.1666664;4.1666667;-3.04453307897745e-7
0;0.72;0.98;6.4999996;6.5000000;-3.73786600782466e-7
0;0.72;0.99;13.499998;13.500000;-1.55674575808007e-6
0;0.73;0.74;0.019951579;0.019951484;9.48191652277997e-8
0;0.73;0.75;0.041161680;0.041161603;7.68850908355878e-8
0;0.73;0.76;0.063846303;0.063846236;6.66209083732827e-8
0;0.73;0.77;0.088264041;0.088263955;8.66565837143174e-8
0;0.73;0.78;0.11472656;0.11472646;9.67375293758899e-8
0;0.73;0.79;0.14361222;0.14361218;4.31214939311531e-8
0;0.73;0.8;0.17538406;0.17538408;-1.23153585107616e-8
0;0.73;0.81;0.21061350;0.21061342;8.03457957387899e-8
0;0.73;0.82;0.25000010;0.25000000;9.92290687951147e-8
0;0.73;0.83;0.29411768;0.29411765;2.94705861381139e-8
0;0.73;0.84;0.34375006;0.34375000;6.02433223306775e-8
0;0.73;0.85;0.40000003;0.40000000;2.58226846572285e-8
0;0.73;0.86;0.46428581;0.46428571;9.59423311353014e-8
0;0.73;0.87;0.53846163;0.53846154;9.01078910375830e-8
0;0.73;0.88;0.62500001;0.62500000;1.27296543306343e-8
0;0.73;0.89;0.72727276;0.72727273;2.96707555191844e-8
0;0.73;0.9;0.84999998;0.85000000;-1.81335870763633e-8
0;0.73;0.91;1.0000000;1.0000000;1.91769753410398e-8
0;0.73;0.92;1.1874999;1.1875000;-6.72510582777619e-8
0;0.73;0.93;1.4285715;1.4285714;2.65230333251765e-8
0;0.73;0.94;1.7499999;1.7500000;-1.09552321214679e-7
0;0.73;0.95;2.2000000;2.2000000;-3.62436343159800e-8
0;0.73;0.96;2.8750000;2.8750000;4.90087614934964e-9
0;0.73;0.97;3.9999999;4.0000000;-1.39097237283892e-7
0;0.73;0.98;6.2499998;6.2500000;-1.52940157427395e-7
0;0.73;0.99;12.999999;13.000000;-1.04218556451485e-6
0;0.74;0.75;0.020528122;0.020527972;1.50847896313033e-7
0;0.74;0.76;0.042471707;0.042471588;1.19116029935473e-7
0;0.74;0.77;0.066080112;0.066080014;9.81290179391525e-8
0;0.74;0.78;0.091653677;0.091653651;2.59673573060892e-8
0;0.74;0.79;0.11955729;0.11955723;6.52056796057732e-8
0;0.74;0.8;0.15023705;0.15023702;3.82272581089804e-8
0;0.74;0.81;0.18424380;0.18424372;8.09674623458712e-8
0;0.74;0.82;0.22222225;0.22222222;3.22522021312110e-8
0;0.74;0.83;0.26470593;0.26470588;4.49503722577127e-8
0;0.74;0.84;0.31250007;0.31250000;7.26790694294266e-8
0;0.74;0.85;0.36666663;0.36666667;-3.95909206529765e-8
0;0.74;0.86;0.42857150;0.42857143;7.60244519004694e-8
0;0.74;0.87;0.50000002;0.50000000;2.39139023028301e-8
0;0.74;0.88;0.58333338;0.58333333;4.98685620575756e-8
0;0.74;0.89;0.68181821;0.68181818;3.17830703977506e-8
0;0.74;0.9;0.80000003;0.80000000;3.42602680669657e-8
0;0.74;0.91;0.94444442;0.94444444;-2.51169445242283e-8
0;0.74;0.92;1.1250000;1.1250000;3.93752841443273e-8
0;0.74;0.93;1.3571428;1.3571429;-1.04972398773384e-7
0;0.74;0.94;1.6666666;1.6666667;-6.84961349861624e-8
0;0.74;0.95;2.1000000;2.1000000;-8.44306180525223e-9
0;0.74;0.96;2.7499998;2.7500000;-1.54563195575719e-7
0;0.74;0.97;3.8333330;3.8333333;-3.16224801455434e-7
0;0.74;0.98;5.9999998;6.0000000;-1.95886713072468e-7
0;0.74;0.99;12.499999;12.500000;-7.26554205243701e-7
0;0.75;0.76;0.021192977;0.021192881;9.59368738270849e-8
0;0.75;0.77;0.043981234;0.043981173;6.16170645686975e-8
0;0.75;0.78;0.068653925;0.068653847;7.75660005253309e-8
0;0.75;0.79;0.095561904;0.095561805;9.89464880030155e-8
0;0.75;0.8;0.12513452;0.12513444;7.67458493144968e-8
0;0.75;0.81;0.15790177;0.15790171;6.65492878859641e-8
0;0.75;0.82;0.19444448;0.19444444;4.03721685804381e-8
0;0.75;0.83;0.23529422;0.23529412;9.87431715837594e-8
0;0.75;0.84;0.28125004;0.28125000;4.30273283669180e-8
0;0.75;0.85;0.33333340;0.33333333;7.05551483903832e-8
0;0.75;0.86;0.39285722;0.39285714;7.24166473453636e-8
0;0.75;0.87;0.46153849;0.46153846;3.22530602780979e-8
0;0.75;0.88;0.54166673;0.54166667;6.19806909130105e-8
0;0.75;0.89;0.63636365;0.63636364;1.80381763970061e-8
0;0.75;0.9;0.75000005;0.75000000;5.09494174627534e-8
0;0.75;0.91;0.88888883;0.88888889;-5.69787798054833e-8
0;0.75;0.92;1.0625000;1.0625000;-4.04188094105251e-8
0;0.75;0.93;1.2857143;1.2857143;3.45286157443780e-8
0;0.75;0.94;1.5833333;1.5833333;-4.98422092487516e-8
0;0.75;0.95;2.0000000;2.0000000;-1.72456531277732e-8
0;0.75;0.96;2.6250000;2.6250000;1.47599763522521e-8
0;0.75;0.97;3.6666664;3.6666667;-2.34542314458963e-7
0;0.75;0.98;5.7499996;5.7500000;-3.56872242868178e-7
0;0.75;0.99;11.999999;12.000000;-7.79438508402563e-7
0;0.76;0.77;0.021957674;0.021957563;1.10637508852346e-7
0;0.76;0.78;0.045717571;0.045717472;9.90104277454051e-8
0;0.76;0.79;0.071616756;0.071616659;9.71365800433999e-8
0;0.76;0.8;0.10006758;0.10006749;8.75942964412291e-8
0;0.76;0.81;0.13157903;0.13157895;7.99317764754726e-8
0;0.76;0.82;0.16666673;0.16666667;6.32755527141260e-8
0;0.76;0.83;0.20588242;0.20588235;6.69662354180200e-8
0;0.76;0.84;0.25000004;0.25000000;4.23811057359558e-8
0;0.76;0.85;0.30000001;0.30000000;1.06661495191673e-8
0;0.76;0.86;0.35714292;0.35714286;6.48496484845218e-8
0;0.76;0.87;0.42307694;0.42307692;1.23609697477711e-8
0;0.76;0.88;0.50000005;0.50000000;4.83853388466571e-8
0;0.76;0.89;0.59090913;0.59090909;3.53438429634423e-8
0;0.76;0.9;0.69999997;0.70000000;-2.91475980018774e-8
0;0.76;0.91;0.83333339;0.83333333;5.87508416360905e-8
0;0.76;0.92;1.0000001;1.0000000;9.76240053240929e-8
0;0.76;0.93;1.2142857;1.2142857;3.31882519244431e-8
0;0.76;0.94;1.5000000;1.5000000;2.10620600959999e-8
0;0.76;0.95;1.8999998;1.9000000;-2.08379869359732e-7
0;0.76;0.96;2.4999998;2.5000000;-2.23216936490189e-7
0;0.76;0.97;3.4999998;3.5000000;-2.38669646268619e-7
0;0.76;0.98;5.4999998;5.5000000;-1.83482576687766e-7
0;0.76;0.99;11.499999;11.500000;-1.19414349342151e-6
0;0.77;0.78;0.022835756;0.022835618;1.37494888814704e-7
0;0.77;0.79;0.047713302;0.047713201;1.01214254075166e-7
0;0.77;0.8;0.075028009;0.075027921;8.85531810934648e-8
0;0.77;0.81;0.10526325;0.10526316;9.69166752823325e-8
0;0.77;0.82;0.13888899;0.13888889;1.00192174390390e-7
0;0.77;0.83;0.17647066;0.17647059;6.72845039129122e-8
0;0.77;0.84;0.21875007;0.21875000;7.30689598826828e-8
0;0.77;0.85;0.26666673;0.26666667;6.15783436463957e-8
0;0.77;0.86;0.32142860;0.32142857;3.09878467330549e-8
0;0.77;0.87;0.38461548;0.38461538;9.58258453698235e-8
0;0.77;0.88;0.45833345;0.45833333;1.15200162631446e-7
0;0.77;0.89;0.54545453;0.54545455;-1.19632339590225e-8
0;0.77;0.9;0.65000004;0.65000000;3.80484994622066e-8
0;0.77;0.91;0.77777784;0.77777778;6.30250152067191e-8
0;0.77;0.92;0.93750001;0.93750000;8.28536073083086e-9
0;0.77;0.93;1.1428571;1.1428571;-3.38852208514595e-8
0;0.77;0.94;1.4166667;1.4166667;2.39081914266137e-8
0;0.77;0.95;1.8000000;1.8000000;1.90549753753544e-9
0;0.77;0.96;2.3749999;2.3750000;-5.55368027121972e-8
0;0.77;0.97;3.3333333;3.3333333;-8.13032827728932e-8
0;0.77;0.98;5.2499998;5.2500000;-2.39858044537300e-7
0;0.77;0.99;10.999999;11.000000;-1.22871860241958e-6
0;0.78;0.79;0.023843575;0.023843452;1.22771433533342e-7
0;0.78;0.8;0.050008227;0.050008115;1.12448690726963e-7
0;0.78;0.81;0.078947440;0.078947368;7.13069547852996e-8
0;0.78;0.82;0.11111121;0.11111111;1.01792703974257e-7
0;0.78;0.83;0.14705889;0.14705882;6.55014657235942e-8
0;0.78;0.84;0.18750008;0.18750000;7.99588549815766e-8
0;0.78;0.85;0.23333338;0.23333333;4.94729228417423e-8
0;0.78;0.86;0.28571432;0.28571429;3.18438712620939e-8
0;0.78;0.87;0.34615391;0.34615385;6.65336767347036e-8
0;0.78;0.88;0.41666664;0.41666667;-2.64247421721819e-8
0;0.78;0.89;0.50000004;0.50000000;4.21002273043314e-8
0;0.78;0.9;0.60000004;0.60000000;3.93968139222878e-8
0;0.78;0.91;0.72222226;0.72222222;3.92966764684033e-8
0;0.78;0.92;0.87499998;0.87500000;-2.19179624449950e-8
0;0.78;0.93;1.0714286;1.0714286;1.82531905146277e-8
0;0.78;0.94;1.3333334;1.3333333;7.97070203173433e-8
0;0.78;0.95;1.7000000;1.7000000;1.36599176414620e-10
0;0.78;0.96;2.2500000;2.2500000;4.05778806111812e-8
0;0.78;0.97;3.1666664;3.1666667;-2.44305509156106e-7
0;0.78;0.98;4.9999998;5.0000000;-1.63262630969996e-7
0;0.78;0.99;10.499999;10.500000;-8.16211645826570e-7
0;0.79;0.8;0.025001145;0.025000995;1.49815379990592e-7
0;0.79;0.81;0.052631711;0.052631579;1.31767758773660e-7
0;0.79;0.82;0.083333439;0.083333333;1.05906285838286e-7
0;0.79;0.83;0.11764713;0.11764706;6.88791022135371e-8
0;0.79;0.84;0.15625009;0.15625000;8.61597032053574e-8
0;0.79;0.85;0.20000009;0.20000000;9.43897517646786e-8
0;0.79;0.86;0.25000006;0.25000000;5.72289453604213e-8
0;0.79;0.87;0.30769234;0.30769231;3.55691086584287e-8
0;0.79;0.88;0.37500003;0.37500000;3.08811757832039e-8
0;0.79;0.89;0.45454556;0.45454545;1.07780220859333e-7
0;0.79;0.9;0.55000009;0.55000000;8.58537193559883e-8
0;0.79;0.91;0.66666672;0.66666667;5.47278962148567e-8
0;0.79;0.92;0.81250009;0.81250000;9.46885563291033e-8
0;0.79;0.93;1.0000000;1.0000000;9.00842822559866e-9
0;0.79;0.94;1.2499999;1.2500000;-6.50913432043154e-8
0;0.79;0.95;1.6000001;1.6000000;1.03713036825326e-7
0;0.79;0.96;2.1250000;2.1250000;-4.60370275234823e-8
0;0.79;0.97;2.9999998;3.0000000;-1.62784142165862e-7
0;0.79;0.98;4.7499996;4.7500000;-3.67095521980332e-7
0;0.79;0.99;9.9999996;10.000000;-4.34357064094115e-7
0;0.8;0.81;0.026315935;0.026315789;1.45736804020580e-7
0;0.8;0.82;0.055555678;0.055555556;1.22885831996267e-7
0;0.8;0.83;0.088235391;0.088235294;9.72245603608757e-8
0;0.8;0.84;0.12500009;0.12500000;8.64368616959599e-8
0;0.8;0.85;0.16666675;0.16666667;8.21898825109635e-8
0;0.8;0.86;0.21428578;0.21428571;6.67776901275285e-8
0;0.8;0.87;0.26923082;0.26923077;4.74162264452183e-8
0;0.8;0.88;0.33333344;0.33333333;1.06587856374407e-7
0;0.8;0.89;0.40909091;0.40909091;6.29350238590121e-10
0;0.8;0.9;0.50000009;0.50000000;8.78938120063566e-8
0;0.8;0.91;0.61111118;0.61111111;7.24193365275738e-8
0;0.8;0.92;0.74999997;0.75000000;-3.33555115750173e-8
0;0.8;0.93;0.92857153;0.92857143;1.02239506305501e-7
0;0.8;0.94;1.1666667;1.1666667;-6.44795461468561e-9
0;0.8;0.95;1.5000001;1.5000000;5.78122558714256e-8
0;0.8;0.96;1.9999999;2.0000000;-5.20807481585450e-8
0;0.8;0.97;2.8333332;2.8333333;-1.53745603359567e-7
0;0.8;0.98;4.4999998;4.5000000;-2.30895406794218e-7
0;0.8;0.99;9.4999996;9.5000000;-4.19508381810374e-7
0;0.81;0.82;0.027777885;0.027777778;1.06742582415414e-7
0;0.81;0.83;0.058823622;0.058823529;9.21585414440096e-8
0;0.81;0.84;0.093750072;0.093750000;7.21813236959079e-8
0;0.81;0.85;0.13333339;0.13333333;5.59338235728291e-8
0;0.81;0.86;0.17857144;0.17857143;1.62861956143345e-8
0;0.81;0.87;0.23076931;0.23076923;8.29927433443345e-8
0;0.81;0.88;0.29166671;0.29166667;3.95482174231354e-8
0;0.81;0.89;0.36363644;0.36363636;7.75363526162032e-8
0;0.81;0.9;0.45000009;0.45000000;8.72659186579305e-8
0;0.81;0.91;0.55555560;0.55555556;4.47046130114259e-8
0;0.81;0.92;0.68750003;0.68750000;2.77049614361147e-8
0;0.81;0.93;0.85714294;0.85714286;8.10748403967665e-8
0;0.81;0.94;1.0833334;1.0833333;1.08609314874997e-7
0;0.81;0.95;1.3999999;1.4000000;-5.40267615090073e-8
0;0.81;0.96;1.8749999;1.8750000;-1.26757260687782e-7
0;0.81;0.97;2.6666666;2.6666667;-3.63730188190914e-8
0;0.81;0.98;4.2499997;4.2500000;-3.34533109658253e-7
0;0.81;0.99;8.9999996;9.0000000;-4.01282136408554e-7
0;0.82;0.83;0.029411902;0.029411765;1.37422726833453e-7
0;0.82;0.84;0.062500085;0.062500000;8.48625894417365e-8
0;0.82;0.85;0.10000010;0.10000000;9.93701207430142e-8
0;0.82;0.86;0.14285729;0.14285714;1.49562893181354e-7
0;0.82;0.87;0.19230780;0.19230769;1.05059736105195e-7
0;0.82;0.88;0.25000006;0.25000000;6.46906774814937e-8
0;0.82;0.89;0.31818194;0.31818182;1.24098690656993e-7
0;0.82;0.9;0.40000006;0.40000000;5.70685075307331e-8
0;0.82;0.91;0.50000005;0.50000000;5.51466312614934e-8
0;0.82;0.92;0.62500002;0.62500000;1.90214093365171e-8
0;0.82;0.93;0.78571427;0.78571429;-1.93527415204287e-8
0;0.82;0.94;1.0000000;1.0000000;1.96525236084710e-8
0;0.82;0.95;1.3000000;1.3000000;-3.31433411826509e-8
0;0.82;0.96;1.7500000;1.7500000;-1.43240910244202e-8
0;0.82;0.97;2.4999999;2.5000000;-1.33865087903473e-7
0;0.82;0.98;3.9999998;4.0000000;-1.98431211462236e-7
0;0.82;0.99;8.4999998;8.5000000;-1.91299566409953e-7
0;0.83;0.84;0.031250092;0.031250000;9.23693832741157e-8
0;0.83;0.85;0.066666811;0.066666667;1.44528266021737e-7
0;0.83;0.86;0.10714298;0.10714286;1.19609858489911e-7
0;0.83;0.87;0.15384622;0.15384615;6.79409083992333e-8
0;0.83;0.88;0.20833345;0.20833333;1.16718495063450e-7
0;0.83;0.89;0.27272729;0.27272727;1.40205709819874e-8
0;0.83;0.9;0.35000010;0.35000000;9.72457236958491e-8
0;0.83;0.91;0.44444447;0.44444444;2.88573806517256e-8
0;0.83;0.92;0.56250008;0.56250000;7.58992367844158e-8
0;0.83;0.93;0.71428576;0.71428571;5.00694297134174e-8
0;0.83;0.94;0.91666673;0.91666667;6.79527925040446e-8
0;0.83;0.95;1.2000001;1.2000000;6.35861954201289e-8
0;0.83;0.96;1.6250000;1.6250000;-3.69391977006472e-8
0;0.83;0.97;2.3333332;2.3333333;-1.44893635312116e-7
0;0.83;0.98;3.7499998;3.7500000;-1.66261552969615e-7
0;0.83;0.99;7.9999997;8.0000000;-2.79455658613870e-7
0;0.84;0.85;0.033333479;0.033333333;1.45975839561940e-7
0;0.84;0.86;0.071428646;0.071428571;7.44337479707813e-8
0;0.84;0.87;0.11538470;0.11538462;8.67246679470135e-8
0;0.84;0.88;0.16666674;0.16666667;7.71956779055394e-8
0;0.84;0.89;0.22727283;0.22727273;9.91837289798791e-8
0;0.84;0.9;0.30000007;0.30000000;6.91555758214335e-8
0;0.84;0.91;0.38888900;0.38888889;1.06537980326671e-7
0;0.84;0.92;0.50000005;0.50000000;4.82105910748487e-8
0;0.84;0.93;0.64285721;0.64285714;6.55987306696915e-8
0;0.84;0.94;0.83333333;0.83333333;4.71981786986930e-10
0;0.84;0.95;1.1000001;1.1000000;5.91230870927717e-8
0;0.84;0.96;1.5000000;1.5000000;-1.51346599697177e-8
0;0.84;0.97;2.1666666;2.1666667;-4.81222053316799e-8
0;0.84;0.98;3.4999999;3.5000000;-1.08036216861507e-7
0;0.84;0.99;7.4999995;7.5000000;-5.12704345645432e-7
0;0.85;0.86;0.035714429;0.035714286;1.43518269081488e-7
0;0.85;0.87;0.076923188;0.076923077;1.11507486480478e-7
0;0.85;0.88;0.12500007;0.12500000;7.00441304679611e-8
0;0.85;0.89;0.18181825;0.18181818;6.72821953706659e-8
0;0.85;0.9;0.25000007;0.25000000;6.94376504628558e-8
0;0.85;0.91;0.33333342;0.33333333;8.82594221041089e-8
0;0.85;0.92;0.43750006;0.43750000;5.83398954701053e-8
0;0.85;0.93;0.57142860;0.57142857;2.66648780833378e-8
0;0.85;0.94;0.75000003;0.75000000;2.55011062266775e-8
0;0.85;0.95;1.0000000;1.0000000;2.02349619282671e-8
0;0.85;0.96;1.3750001;1.3750000;6.53628726698940e-8
0;0.85;0.97;2.0000000;2.0000000;1.35035538306738e-9
0;0.85;0.98;3.2499999;3.2500000;-1.14455352751008e-7
0;0.85;0.99;6.9999994;7.0000000;-5.48191791516217e-7
0;0.86;0.87;0.038461667;0.038461538;1.28593034387503e-7
0;0.86;0.88;0.083333456;0.083333333;1.22758205670093e-7
0;0.86;0.89;0.13636371;0.13636364;7.31928043173902e-8
0;0.86;0.9;0.20000003;0.20000000;2.58971394606622e-8
0;0.86;0.91;0.27777783;0.27777778;4.76526746950867e-8
0;0.86;0.92;0.37500007;0.37500000;7.29234200802509e-8
0;0.86;0.93;0.50000009;0.50000000;8.98307476182580e-8
0;0.86;0.94;0.66666674;0.66666667;6.93451815969581e-8
0;0.86;0.95;0.90000002;0.90000000;2.39736350771125e-8
0;0.86;0.96;1.2500000;1.2500000;2.23969880419617e-8
0;0.86;0.97;1.8333333;1.8333333;-7.10596703701327e-8
0;0.86;0.98;2.9999999;3.0000000;-1.38326663456922e-7
0;0.86;0.99;6.4999995;6.5000000;-4.61914265059704e-7
0;0.87;0.88;0.041666769;0.041666667;1.02645664891432e-7
0;0.87;0.89;0.090909189;0.090909091;9.85130635122733e-8
0;0.87;0.9;0.15000011;0.15000000;1.11166840482957e-7
0;0.87;0.91;0.22222225;0.22222222;2.52626803087797e-8
0;0.87;0.92;0.31250007;0.31250000;6.82351970482387e-8
0;0.87;0.93;0.42857150;0.42857143;6.88635807821747e-8
0;0.87;0.94;0.58333334;0.58333333;9.92884940931305e-9
0;0.87;0.95;0.80000004;0.80000000;3.54656888301719e-8
0;0.87;0.96;1.1250000;1.1250000;3.23367839172306e-8
0;0.87;0.97;1.6666667;1.6666667;1.06081565753868e-8
0;0.87;0.98;2.7500000;2.7500000;-1.86965456450139e-8
0;0.87;0.99;5.9999997;6.0000000;-2.68441695538968e-7
0;0.88;0.89;0.045454687;0.045454545;1.41715202885140e-7
0;0.88;0.9;0.10000011;0.10000000;1.07608040866847e-7
0;0.88;0.91;0.16666673;0.16666667;6.01278952183648e-8
0;0.88;0.92;0.25000001;0.25000000;1.08948580712642e-8
0;0.88;0.93;0.35714292;0.35714286;6.38782612361055e-8
0;0.88;0.94;0.50000002;0.50000000;1.81941444132860e-8
0;0.88;0.95;0.70000006;0.70000000;6.03793312015100e-8
0;0.88;0.96;0.99999996;1.0000000;-3.65510597344354e-8
0;0.88;0.97;1.5000000;1.5000000;3.23811248925665e-8
0;0.88;0.98;2.4999999;2.5000000;-5.20338931941922e-8
0;0.88;0.99;5.4999996;5.5000000;-3.46731558131808e-7
0;0.89;0.9;0.050000100;0.050000000;1.00431228521047e-7
0;0.89;0.91;0.11111124;0.11111111;1.26494498639551e-7
0;0.89;0.92;0.18750007;0.18750000;7.25771143184062e-8
0;0.89;0.93;0.28571428;0.28571429;-1.06473058147927e-8
0;0.89;0.94;0.41666671;0.41666667;4.37279921161604e-8
0;0.89;0.95;0.59999998;0.60000000;-1.75373375821408e-8
0;0.89;0.96;0.87500005;0.87500000;5.50526888520864e-8
0;0.89;0.97;1.3333333;1.3333333;-4.32762325974778e-8
0;0.89;0.98;2.2500000;2.2500000;2.92467472462477e-8
0;0.89;0.99;4.9999998;5.0000000;-2.25293041999919e-7
0;0.9;0.91;0.055555655;0.055555556;9.92107308944723e-8
0;0.9;0.92;0.12500007;0.12500000;7.15516811355954e-8
0;0.9;0.93;0.21428581;0.21428571;9.71516629089120e-8
0;0.9;0.94;0.33333344;0.33333333;1.06108562603069e-7
0;0.9;0.95;0.49999995;0.50000000;-4.83129604655907e-8
0;0.9;0.96;0.75000007;0.75000000;6.64012685946958e-8
0;0.9;0.97;1.1666666;1.1666667;-9.00304855111500e-8
0;0.9;0.98;2.0000000;2.0000000;-2.88701043071882e-8
0;0.9;0.99;4.4999997;4.5000000;-2.67075721538390e-7
0;0.91;0.92;0.062500088;0.062500000;8.80746247045039e-8
0;0.91;0.93;0.14285728;0.14285714;1.42086201637692e-7
0;0.91;0.94;0.25000007;0.25000000;7.42146214482986e-8
0;0.91;0.95;0.40000002;0.40000000;1.64046359829584e-8
0;0.91;0.96;0.62500006;0.62500000;5.98606381130296e-8
0;0.91;0.97;1.0000000;1.0000000;1.42238660849614e-8
0;0.91;0.98;1.7500000;1.7500000;-3.13359107551037e-8
0;0.91;0.99;4.0000000;4.0000000;7.60511031927535e-9
0;0.92;0.93;0.071428658;0.071428571;8.63631208630755e-8
0;0.92;0.94;0.16666671;0.16666667;4.14228865930344e-8
0;0.92;0.95;0.30000009;0.30000000;9.01207327652642e-8
0;0.92;0.96;0.50000005;0.50000000;4.65561056373076e-8
0;0.92;0.97;0.83333333;0.83333333;-2.19078766239278e-9
0;0.92;0.98;1.5000000;1.5000000;-1.17578653480166e-8
0;0.92;0.99;3.4999998;3.5000000;-1.60383479386184e-7
0;0.93;0.94;0.083333460;0.083333333;1.26790511825736e-7
0;0.93;0.95;0.20000010;0.20000000;9.59598166483389e-8
0;0.93;0.96;0.37500009;0.37500000;8.52226439973514e-8
0;0.93;0.97;0.66666668;0.66666667;1.62669232528501e-8
0;0.93;0.98;1.2500001;1.2500000;6.46103126555886e-8
0;0.93;0.99;2.9999999;3.0000000;-7.01188382912221e-8
0;0.94;0.95;0.10000010;0.10000000;1.01040201525016e-7
0;0.94;0.96;0.25000003;0.25000000;3.46063360190385e-8
0;0.94;0.97;0.50000007;0.50000000;7.20226701611537e-8
0;0.94;0.98;1.0000000;1.0000000;1.89399407268809e-8
0;0.94;0.99;2.5000000;2.5000000;-2.65603947724458e-8
0;0.95;0.96;0.12500007;0.12500000;7.46759651892859e-8
0;0.95;0.97;0.33333343;0.33333333;9.96634066385838e-8
0;0.95;0.98;0.75000003;0.75000000;3.00284350718272e-8
0;0.95;0.99;1.9999999;2.0000000;-9.97902811494811e-8
0;0.96;0.97;0.16666673;0.16666667;5.89269405493198e-8
0;0.96;0.98;0.50000007;0.50000000;6.63765368225100e-8
0;0.96;0.99;1.4999999;1.5000000;-8.30032915732914e-8
0;0.97;0.98;0.25000008;0.25000000;7.53879825787784e-8
0;0.97;0.99;1.0000000;1.0000000;2.25833409750464e-8
0;0.98;0.99;0.50000008;0.50000000;7.69612025219857e-8
